case_id,city_name
court_001,广州
court_002,广州
court_003,广州
court_004,广州
court_005,广州
court_006,广州
court_007,广州
court_008,广州
court_009,广州
court_010,广州
court_011,广州
court_012,广州
court_013,广州
court_014,广州
court_015,广州
court_016,广州
court_017,广州
court_018,广州
court_019,广州
court_020,广州
court_021,广州
court_022,广州
court_023,广州
court_024,广州
court_025,广州
court_026,广州
court_027,广州
court_028,广州
court_029,广州
court_030,广州
court_031,广州
court_032,广州
court_033,广州
court_034,广州
court_035,广州
court_036,广州
court_037,广州
court_038,广州
court_039,广州
court_040,广州
court_041,广州
court_042,广州
court_043,广州
court_044,广州
court_045,广州
court_046,广州
court_047,广州
court_048,广州
court_049,广州
court_050,广州
court_051,广州
court_052,广州
court_053,广州
court_054,广州
court_055,广州
court_056,广州
court_057,广州
court_058,广州
court_059,广州
court_060,广州
court_061,广州
court_062,广州
court_063,广州
court_064,广州
court_065,广州
court_066,广州
court_067,广州
court_068,广州
court_069,广州
court_070,广州
court_071,广州
court_072,广州
court_073,广州
court_074,广州
court_075,广州
court_076,广州
court_077,广州
court_078,广州
court_079,广州
court_080,广州
court_081,广州
court_082,广州
court_083,广州
court_084,广州
court_085,广州
court_086,广州
court_087,广州
court_088,广州
court_089,广州
court_090,广州
court_091,广州
court_092,广州
court_093,广州
court_094,广州
court_095,广州
court_096,广州
court_097,广州
court_098,广州
court_099,广州
court_100,广州
