case_id,city,source_url,publish_date,title,content,department,process,result,conflict_type
GZ_001,广州,http://www.gz.gov.cn/,2026-03-27,反映乱摆卖、垃圾清理等街面问题,市民反映，广东省广州市南沙区黄阁镇黄阁镇海头新街16号，卫生环境差，暴露垃圾（未倒入容器）,广州市南沙区人民政府-黄阁镇,3月30日立即调查，已安排人员清理干净垃圾,已解决,环境卫生问题
GZ_002,广州,http://www.gz.gov.cn/,2026-04-08,反映化粪池满溢问题,市民反映，颐康中心旁边，致爱学校侧门处，从2026年3月开始化粪池水涌出，气温难闻，大量排泄物和污水到街道中，非常不便居民生活。,广州市荔湾区人民政府-龙津街道办事处,4月9日立即调查，街道已督促物业公司清理路面污水并对排污管进行修复,已解决,环境卫生问题
GZ_003,广州,http://www.gz.gov.cn/,2026-04-09,反映道路桥梁设施问题,市民反映，人行天桥电梯损坏，无法通行，严重影响老弱残疾人士正常通行,广州市荔湾区人民政府-区住房建设园林局,4月10日立即解决，已修复完成,已解决,公共设施问题
GZ_004,广州,http://www.gz.gov.cn/,2026-04-04,反映广告招牌问题,市民反映，广告牌正对卧室，希望将灯光牌换到其他三面墙,广州市天河区人民政府-猎德街,院方现场负责人承诺暂不会再开启灯牌灯光,已解决,公共设施问题
GZ_005,广州,http://www.gz.gov.cn/,2026-04-06,反映夜间超时施工问题,市民反映，凌晨2点施工，严重扰民，影响恶劣。赶工也不能以民众的休息为代价,广州市白云区人民政府-新市街,4月7日立即解决，已约谈施工方，责令其要严格按照施工时间进行施工,已解决,噪声扰民问题
GZ_006,广州,http://www.gz.gov.cn/,2026-05-25,反映公共设施问题,广东省广州市荔湾区岭南街道光复中路（祥金里4号）存在路灯不亮问题，希望尽快更换高亮路灯,广东电网有限责任公司广州供电局,5月26日经核查，因灯具故障导致路灯不亮，已经修复，恢复亮灯,已解决,公共设施问题
GZ_007,广州,http://www.gz.gov.cn/,2026-05-24,反映噪声扰民问题,广东省广州市白云区江高镇环镇西路155号（广东技术师范大学(白云校区)小塘公寓，请制止在周末早上施工，学生也需要休息,广州市白云区人民政府-江高镇,已督促装修单位在周末严格遵守装修相关规定，周末严禁噪音装修，要求施工方调整作业安排，将高噪音工序严格集中在工作日8:00-12:00及14:00-18:00进行。后续，我们将持续跟进监管，督促施工方文明施工，减少扰民。,已解决,环境卫生问题
GZ_008,广州,http://www.gz.gov.cn/,2026-05-24,反映交通治安设施问题,广州市海珠区南田路，在广东药学院总站公交站旁边的人行横道的红绿灯，灯杆下方的盖子缺失，建议及时维护。,广州市公安局,大队已安排维修人员对该信号灯缺失的孔盖进行补装，现可以正常使用,已解决,公共设施问题
GZ_009,广州,http://www.gz.gov.cn/,2026-05-21,反映特种设备问题,D栋四台电梯经常故障（尤其是3号电梯）一直在原楼层自行开门关门不下行，严重影响出行效率，反映物业很久，也未解决，希望相关部门能推进一下进度，严重影响出行效率 电梯故障也有安全隐患！,广州市增城区人民政府-区市场监管局,我局于2026年5月22日前往被举报人处核查，被举报人表示已对该电梯进行深入排查，故障原因为门缝进有异物，现已排除故障。执法人员现场督促使用单位依法落实电梯使用安全主体责任，做好日常巡查和隐患闭环管理。,已解决,公共设施问题
GZ_010,广州,http://www.gz.gov.cn/,2026-05-20,反映夜间超时施工问题,2026年5月19日晚上8点该涉事地点一直施工到次日凌晨2点，在20日凌晨12点半时致电该辖区派出所前去调停，但派出所的民警回电时称已告知该单位停止深夜施工，但仍听到现场施工噪声，令人无法入睡！建议施工时间不要超过晚上10点，毕竟孩子要睡觉，大人要上班，大家都需要一个好的睡眠来补充能量。,广州市天河区人民政府-元岗街,我街高度重视，立即安排执法人员前往现场核查处置.5月21日15时49分我街工作人员已电话与您取得联系，说明工地相关情况。后续，我街将对该项目施工时间将严格规范管理，最大限度减少对周边居民正常休息的影响。,已解决,噪声扰民问题
GZ_011,广州,http://www.gz.gov.cn/,2026-05-20,反映乱停乱放问题,小区门前乱停车问题，希望相关部门如何处理:要求社区督促周边业主遵守文明规范,广州市增城区人民政府-新塘镇,针对这一问题，工作人员采取了以下措施：一是加强社区文明交通出行的宣传教育，提升居民遵守交通规则的自觉性；二是加强现场引导，发现违规乱停车现象时，及时进行劝离，并引导车主将车辆停放到指定车位。 近期，工作人员已对公园中路附近占道停放的车辆车主进行了警示提醒，指引其前往附近停车场停车。,已解决,公共设施问题
GZ_012,广州,http://www.gz.gov.cn/,2026-05-20,反映公共设施问题,广东省广州市白云区嘉禾街道新科杨苑街12巷4号下水道堵塞，希望相关部门通下水道。,广州市白云区人民政府-嘉禾街,接市民诉求后，联同排水公司到现场核查处理，开展管道清疏工作，管网已疏通，恢复正常运行。,已解决,环境卫生问题
GZ_013,广州,http://www.gz.gov.cn/,2026-05-19,反映施工问题,广东省广州市增城区新塘镇广东省广州市增城区新塘107国道广深大道122号占道施工，希望相关部门加强管理,广州市增城区人民政府-新塘镇,接投诉后，我队执法人员于2026年5月20日到达现场，责令加强管理,已解决,噪声扰民问题
GZ_014,广州,http://www.gz.gov.cn/,2026-05-18,反映公共设施问题,番禺区大石街大山村大成坊西街电房，电房藏线井封边凸起，对过路行人造成安全隐患，希望有关部门前来维修,广东电网有限责任公司广州供电局,经查，上址井盖边框松动的问题我局已在05月20日急修处理完成。,已解决,公共设施问题
GZ_015,广州,http://www.gz.gov.cn/,2026-05-18,反映游商问题,广东省广州市金泽豪庭小区大林路晚上乱摆摊堵塞道路通行，希望相关部门协调城管处理,广州市增城区人民政府-新塘镇,我队执法人员于2026年5月18日到达现场，巡查发现您反映的游商问题，立即教育和责令摊贩撤离不能再在此片区域乱摆卖影响群众、交通和市容市貌。,已解决,环境卫生问题
GZ_016,广州,http://www.gz.gov.cn/,2026-05-18,反映噪声扰民问题,垃圾站作业时间不合理，早上6点两个收垃圾的开着垃圾车来收干扰休息,广州市海珠区人民政府-滨江街,由于反映当天垃圾量特别大，为防止满溢，我们在早上临时增加了一车次，由此产生的噪音确实给大家带来了不便，敬请谅解！针对此事，环监所已对环卫工人进行了严肃提醒，明确要求后续作业时必须使用海绵垫缓冲，“轻拿轻放”，坚决杜绝粗暴作业。我们会持续盯紧这个点位，努力减少对大家的影响。,已解决,噪声扰民问题
GZ_017,广州,http://www.gz.gov.cn/,2026-05-17,反映乱摆卖、垃圾清理等街面问题,广东省广州市天河区天河南街道(林和西-B口)，烧烤摊乱摆卖，希望相关部门清理违法摆卖并定期巡查，保护市民呼吸清新空气的权利,广州市天河区人民政府-天河南街,天河南街道办事处已组织居委会网格员与综合行政执法队伍赴现场开展专项整治行动，依法纠正流动摊贩占道经营、乱摆乱卖等违法违规行为，责令当事人立即停止违规经营活动，并在全面清理现场环境卫生后有序撤离。,已解决,环境卫生问题
GZ_018,广州,http://www.gz.gov.cn/,2026-05-17,反映车辆乱停放问题,广东省广州市天河区天河南街道整条天河南二路，公路与市政道路，机动车乱停放影响通行,广州市公安局,天河大队已安排辖区中队加强该路段的巡逻管理整治，查处违法车辆，管控道路通行秩序，并加强对车辆违法行为的执法。,已解决,公共设施问题
GZ_019,广州,http://www.gz.gov.cn/,2026-05-16,反映垃圾清理问题,广东省广州市番禺区沙湾街道滴水岩森林公园卫生环境差,广州市番禺区人民政府-沙湾街,我街城市管理和林业园林绿化办公室于5月19日安排保洁员对沿路垃圾桶的垃圾进行清理并带下山处理。,已解决,环境卫生问题
GZ_020,广州,http://www.gz.gov.cn/,2026-05-16,反映噪声问题,广东省广州市白云区石门街道湖滨南路半夜施工，扰民，希望相关部门22点后停止施工,广州市白云区人民政府-石门街,我街接到投诉后于5月16日下午14：30派员到现场对施工单位进行批评教育，并要求施工单位规范作业时间，降低施工噪声，最大限度减少对周边居民的影响，严禁夜间22时至次日6时施工。随后我街于5月16日晚上22：30再次派员到现场巡查，现场暂未发现有夜间超时施工情况。,已解决,噪声扰民问题
GZ_021,广州,http://www.gz.gov.cn/,2026-05-15,反映车辆乱停放问题,广东省广州市增城区派潭镇增城区派潭镇前进街非机动车乱停放影响通行,广州市增城区人民政府-派潭镇,我镇已加强巡查力度及对乱停放市民的劝导力度，同时对周边居民进行文明劝导，教育并引导市民将车辆有序停放，努力营造良好的道路通行环境。,已解决,公共设施问题
GZ_022,广州,http://www.gz.gov.cn/,2026-05-15,反映车辆乱停放问题,广东省广州市黄埔区联和街道(南云一路与南翔二路交叉口)机动车乱停放影响通行,广州市公安局,黄埔区公安分局交通管理大队针对市民反映的该路段机动车乱停放，按照勤务安排，加强日常交通管理，对黄埔区联和街道(南云一路与南翔二路交叉口)周边乱停行为加大管控，结合辖区违停专项整治工作，做好周边民众停车秩序教育，切实维护好区域停车秩序，保障道路交通环境不断好转。,已解决,公共设施问题
GZ_023,广州,http://www.gz.gov.cn/,2026-05-13,反映公共设施问题,广东省广州市黄埔区新龙镇(镇龙高车路)路灯不亮，希望相关部门尽快修好路灯，已经有一个星期不亮了,广州市黄埔区人民政府-新龙镇,,已解决,公共设施问题
GZ_024,广州,http://www.gz.gov.cn/,2026-05-29,反映乱摆卖、垃圾清理等街面问题,卫生环境差 卫生环境情况:垃圾满溢,广州市白云区人民政府-永平街,我街立即派员联合村经济社到现场了解情况，现场安排保洁单位对落地垃圾进行清理，并要求保洁公司后续要加强对该路段的日常巡查清理频次,已解决,环境卫生问题
GZ_025,广州,http://www.gz.gov.cn/,2026-01-22,反映养犬管理问题,有人在武广安置区遛狗不牵绳,广州市公安局,已对相关人员进行警告，督促其文明养犬遛狗牵绳，不要影响他人,已解决,环境卫生问题
GZ_026,广州,http://www.gz.gov.cn/,2026-05-25,反映游商问题,东晓南路与南泰路交界处经常出现以货车载物出售的小贩，有晚9点至11点摆摊，期间用大喇叭进行叫卖，噪音扰民,广州市海珠区人民政府-凤阳街,立即安排执法队员于2026年5月26日到场处置，现场对流动商贩进行严厉批评，立即驱赶劝离该处流动商贩；,已解决,噪声扰民问题
GZ_027,广州,http://www.gz.gov.cn/,2026-05-27,反映总体规划问题,在建项目是不是天坤三路延长线，是否能与科韵路相连,广州市天河区人民政府-区代建局,已于2026-05-28与您电话沟通。您反映的事项已核实，已依法处理。经核实，您反映的路段为天坤三路，正在开展新建道路工程，建成后与科韵路相接,已解决,公共设施问题
GZ_028,广州,http://www.gz.gov.cn/,2026-05-13,反映下水道溢水问题,下雨天，污水溢出。雨后，不清理积水，污水发黑发臭，已时隔多日。无人管理，时隔两热高峰期，污水蚊虫横飞，一边打药，一边养蚊虫。不知道哪个部门可以处理。请相关部门暗访小区物业，存在不作为问题,广州市海珠区人民政府-瑞宝街,社区已督促物业加强巡查和清洁力度，及时发现积水并清扫。,已解决,环境卫生问题
GZ_029,广州,http://www.gz.gov.cn/,2026-03-10,反映噪声、气味、污水等环境问题,一直有人在唱歌扰民,广州市天河区人民政府-元岗街,社区居委会工作人员到小公园现场跟相关人员进行沟通，要求相关人员减小噪音扰民行为,已解决,噪声扰民问题
GZ_030,广州,http://www.gz.gov.cn/,2026-04-13,反映乱摆卖、垃圾清理等街面问题,存在问题:乱摆卖,广州市越秀区人民政府-矿泉街,"矿泉街执法队到达现场对乱摆卖的情况进行处理,现场已整治完毕",已解决,环境卫生问题
GZ_031,广州,http://www.gz.gov.cn/,2026-03-25,反映路桥坑洼、破损问题,道路坑洼.道路破洞钢筋露出,广州市增城区人民政府-新塘镇,已安排维护单位对此进行处理，现已将破损位置修复完成,已解决,公共设施问题
GZ_032,广州,http://www.gz.gov.cn/,2026-05-25,反映树木绿化问题,原本用于隔离内部停车场的铁丝网近日被种上了全高的植被，导致本来视线通透的铁丝网被封死，过往路人以及机动车无法有效判断路况，有造成交通事故的风险,广州市荔湾区人民政府-茶滘街道办事处,该处绿植已做迁移撤除。,已解决,公共设施问题
GZ_033,广州,http://www.gz.gov.cn/,2026-03-31,反映路障设置问题,个人私自设置路障不让人停车（政府划的停车区）,广州市花都区人民政府-花山镇,我队工作人员到现场调查处理，经现场查看，投诉占用公共停车位的情况属实。我队工作人员对相关的店主进行相关法律法规教育，并要求马上整改,已解决,公共设施问题
GZ_034,广州,http://www.gz.gov.cn/,2026-02-18,反映水泥墩问题,万福路青云巷靠近天河城一侧路口斜坡坡度非常大，而因坡下水泥墩的阻挡导致留给轮椅和非机动车转弯位置却非常狭窄，容易因急坡导致刹车失灵直撞水泥墩，非常危险,广州市越秀区人民政府-北京街,北京街工作人员已到粤海仰忠汇现场查看，并将情况告知天河城物管方，现物管方已将石墩后移，路面已扩宽。,已解决,公共设施问题
GZ_035,广州,http://www.gz.gov.cn/,2026-04-07,反映噪声、气味、污水等环境问题,,广州市天河区人民政府-车陂街,已叮嘱环卫工人早班尽量使用小扫把清扫,已解决,噪声扰民问题
GZ_036,广州,http://www.gz.gov.cn/,2026-04-21,反映卫生问题,垃圾站异味，尽快清除异味,广州市增城区人民政府-小楼镇,立即组织相关职能部门对该位置垃圾间进行清洁，现该垃圾间的清洁工作已清理完毕,已解决,环境卫生问题
GZ_037,广州,http://www.gz.gov.cn/,2026-04-17,反映消防安全问题,黄埔区黄埔街道港湾路430号一楼出入口有电瓶车违规充电,广州市黄埔区人民政府-黄埔街道,已对违规充电电动车进行整改并对涉事人员进行宣传消防安全教育，后续将加强巡查监管,已解决,公共设施问题
GZ_038,广州,http://www.gz.gov.cn/,2026-03-06,反映店外经营问题,商家占用盲道经营，违反《无障碍环境建设法》第28条，相关部门请依据第65条责令商家改正、罚款。,广州市荔湾区人民政府-石围塘街道办事处,经我队派员赴现场核查，我队已督促该址商铺经营者收拾占道经营的物品，严格要求其经营者按照法律法规守法经营，避免影响道路通行,已解决,公共设施问题
GZ_039,广州,http://www.gz.gov.cn/,2026-03-27,反映施工问题,:没有围团施工，石头灰尘高处下落，严重影响行人安全和卫生问题,广州市番禺区人民政府-沙湾街,我街执法队到现场检查，发现上址正在进行室内装修，部分区域已围闭，但仍有部分窗户打开，不完全围闭，造成扬尘，我街执法队责令施工方关闭窗户，做好围闭，避免扬尘。,已解决,环境卫生问题
GZ_040,广州,http://www.gz.gov.cn/,2026-04-08,反映乱涂乱画乱刻问题,在景泰街道284路车总站和景泰直街2-4号隔壁的白墙，都涂上了公积金等非法提现的涂鸦,广州市白云区人民政府-景泰街,我所立即派人到场进行清理，已清理完毕，我们竭力做好督促和整改,已解决,环境卫生问题
GZ_041,广州,http://www.gz.gov.cn/,2026-04-09,反映交通治安设施问题,路中间的立标警示柱损坏 需要整改修复,广东省广州市白云区新市街棠乐路33号路口,市民反映的地址应是棠乐路尾，已及时修复警示柱,已解决,公共设施问题
GZ_042,广州,http://www.gz.gov.cn/,2026-04-04,反映路桥坑洼、破损问题,井盖不牢固,广东省广州市黄埔区永和街道黄埔区常春藤三期北面A4栋A5栋A6栋北向公共道路,已于1月13日修复完毕,已解决,公共设施问题
GZ_043,广州,http://www.gz.gov.cn/,2026-04-06,反映护栏问题,市民反映，此处原本是垃圾回收点，几天前才拆除。并没有安装护栏,广东省广州市越秀区水荫路和环市东路（天河路）交叉口 红绿灯位置,接到诉求人的反映后，经到现场查看，该址已设置护栏。,已解决,公共设施问题
GZ_044,广州,http://www.gz.gov.cn/,2026-02-18,反映水泥墩问题,万福路青云巷靠近天河城一侧路口斜坡坡度非常大，而因坡下水泥墩的阻挡导致留给轮椅和非机动车转弯位置却非常狭窄，容易因急坡导致刹车失灵直撞水泥墩，非常危险。,:广东省广州市万福路青云巷口斜坡,接市民诉求后，北京街工作人员已到粤海仰忠汇现场查看，并将情况告知天河城物管方，现物管方已将石墩后移，路面已扩宽,已解决,公共设施问题
GZ_045,广州,http://www.gz.gov.cn/,2026-02-20,反映垃圾满溢（垃圾设施满溢）问题,美宜佳门口的垃圾满溢，希望过年多整治一下,广东省广州市广州市增城区石滩镇碧桂园豪园上灯街美宜佳门口,接到投诉后，我镇城乡环卫组高度重视，迅速响应，第一时间组织清洁力量对现场垃圾进行全面清理，目前问题已整改到位,已解决,环境卫生问题
GZ_046,广州,http://www.gz.gov.cn/,2026-02-21,反映桥梁问题,明珠湾大桥二根桥墩中间横梁上有一根很长的铁皮（铁板）脱落，存在安全隐患，因桥下面是公园。,广东省广州市南沙区明珠湾大桥下面,反映事项已核查，目前已恢复,已解决,公共设施问题
GZ_047,广州,http://www.gz.gov.cn/,2026-02-25,反映噪声、气味、污水等环境问题,嘉华广场的商业餐馆以及嘉华广场晚上露天的商业表演，唱歌放音乐到半夜十二点，家里窗户都紧闭了，还是很吵能听到，比如此刻23：34分外面还在放稳稳的幸福的歌曲，听的如此清楚,广东省广州市花都区新雅街道迎宾大道187号嘉都汇,接工单后，我村已安排多名治安队员前往现场处置，对相关经营户进行宣传教育、现场劝导和严肃提醒，要求其严格控制经营及表演时间，严禁夜间超时、超分贝播放音乐、唱歌扰民，切实降低噪音对周边居民休息的影响,已解决,噪声扰民问题
GZ_048,广州,http://www.gz.gov.cn/,2026-02-25,反映垃圾满溢（垃圾设施满溢）问题,市民反映，垃圾满溢,广东省广州市广州市增城区石滩镇碧桂园豪园上灯街美宜佳门口,反映的垃圾满溢问题已收悉，感谢您对我镇环境卫生工作的关注与监督。接到投诉后，我镇城乡环卫组高度重视，迅速响应，第一时间组织清洁力量对现场垃圾进行全面清理，目前问题已整改到位,已解决,环境卫生问题
GZ_049,广州,http://www.gz.gov.cn/,2026-02-27,反映店外经营问题,市民反映，该地全是店外经营，堵住路了,广东省广州市广州市增城区石滩镇碧桂园豪园上灯街多一份门口,"接件后，石滩镇综合执法办到现场查看处理，现场发现店外经营情况，针对涉事店铺存在店外经营的行为，执法人员已对当事人进行相关法律教育，要求当事人对店外经营问题作出整改,，现场已整改完毕",已解决,公共设施问题
GZ_050,广州,http://www.gz.gov.cn/,2026-03-01,反映路桥坑洼、破损问题,盲道被涂鸦、打广告。发现一处在广州市花都区曙光路与光凤路交叉口人行盲道，另一处在曙光路与迎宾路交叉口的斑马线,广东省广州市花都区花城街道广州市花都区曙光路与光凤路交叉口人行盲道,反映的事项已依法处理。关于市民反映花都区花城街道曙光路与光凤路交叉口人行盲道，乱涂写未及时清理的问题。经确认，情况属实，现已安排人员到达现场，清理干净,已解决,公共设施问题
GZ_051,广州,http://www.gz.gov.cn/,2026-03-03,反映线路线缆问题,人行道电线坠地,广东省广州市金湖消防救援站外路边的人行道,反映事项已作安全隐患排除措施，已对掉落线缆进行处理，消除安全隐患。,已解决,公共设施问题
GZ_052,广州,http://www.gz.gov.cn/,2026-03-04,反映物业管理问题,窗外绿化带隐藏垃圾，塑料容器积水,广东省广州市丰乐南路88号大院16号一层消防通道,保洁人员已对垃圾及积水进行清理，现已清理完毕,已解决,环境卫生问题
GZ_053,广州,http://www.gz.gov.cn/,2026-03-05,反映其他事项,污水井垃圾污水倒流,广东省广州市花都区狮岭镇永顺路3号,映的事项已核实，已依法处理。我镇已派员到现场核查，经了解，该位置污水管网存在垃圾堵塞，已安排排水公司进行了清疏，现管网已恢复正常流水。,已解决,环境卫生问题
GZ_054,广州,http://www.gz.gov.cn/,2026-03-10,反映车辆乱停放问题,公路与市政道路乱停放车辆,广东省广州市荔湾区西村街道(增埗大街与富力桃园大桥交叉口),已向辖区中队反映情况，通知辖区中队民警对荔湾区西村街道增埗大街与富力桃园大桥交叉口路段加强巡逻管理整治，依法处理乱停放车辆,已解决,停车摆放问题
GZ_055,广州,http://www.gz.gov.cn/,2026-03-10,反映施工问题,停车场外围（红色钢架旁）铺设水泥没有立指示牌,广东省广州市荔湾区东漖街道龙溪大道辅路(广钢铁路小镇停车场南入口),荔湾东漖街道执法队于2026年3月11日，针对您反映的问题，进行了核查处理：经我队现场核查该情况为铁路小镇使用水泥对内部区域路面进行修复，我队已督促其加强管理合理设置指示牌,已解决,公共设施问题
GZ_056,广州,http://www.gz.gov.cn/,2026-03-10,反映噪声、气味、污水等环境问题,公园外播音乐，一直有人在唱歌扰民,广东省广州市天河区元岗街道上元岗元岗街4号(元岗公园),反映的投诉事项已收悉，经核实，反映的情况属实。社区居委会工作人员到小公园现场跟相关人员进行沟通，要求相关人员减小噪音扰民行为,已解决,噪声扰民问题
GZ_057,广州,http://www.gz.gov.cn/,2026-03-11,反映噪声、气味、污水等环境问题,某住户夜深持续1小时钢琴演奏，13栋5楼清楚听到，不知道具体哪栋哪户,广东省广州市荔湾区彩虹街道荔湾路121号(荔湾路121号大院),有反映其7栋202房有人弹钢琴，民警已对202房租户进行教育提醒，民警已责成202房租户把钢琴声音调小控制好音量和关好门窗并告知其安装隔音设备等措施，同时民警已要求202房屋主多加提醒租户不要在晚上10点后弹钢琴，避免影响附近居民日常作息，彩虹派出所将继续加强辖内巡控和噪音管制,已解决,噪声扰民问题
GZ_058,广州,http://www.gz.gov.cn/,2026-03-11,反映乱摆卖、垃圾清理等街面问题,市民反映路边摊乱摆卖,广东省广州市白云区白云湖街道南悦东一街南悦花苑东一街(南悦花苑东一街11号楼),白云湖街接到举报后，我街执法队已安排执法人员对南悦花苑进行守点整治工作，3月11日晚整治该址及周边游商14宗，均已对其驱离并值守巡查,已解决,公共设施问题
GZ_059,广州,http://www.gz.gov.cn/,2026-03-12,反映道路保洁问题,没有洒水车行洒水，这段路没有洒水车洒水，太大尘。麻烦看看怎么处理一下。,广东省广州市广州市番禺区石基镇金龙路47号,我街已安排车辆前往该路段进行洒水。感谢市民对我们工作的支持及理解！,已解决,公共设施问题
GZ_060,广州,http://www.gz.gov.cn/,2026-03-13,反映公共设施问题,广州市黄埔区文冲街道文涌绿道（黄埔东路—文涌水闸段）左侧有多盏路灯不亮。,,反馈的“黄埔区文冲街道文涌(黄埔东路-文涌水闸)，左侧有多盏路灯（左016、左019、左022、左024、左027、左033、左035）不亮，影响夜间出行，建议尽快安排人员进行修复，恢复夜间照明”的问题，我单位已安排工作人员对路段的（左016、左019、左022、左024、左027、左033、左035）路灯进行修复并恢复亮灯，后续将加强对该河段进行巡查,已解决,公共设施问题
GZ_061,广州,http://www.gz.gov.cn/,2026-03-13,反映车辆乱停放问题,市民反映，该处停车乱摆放,广东省广州市越秀区大塘街道(陵园西路)靠近烈士陵园侧门和口腔门诊这一侧,接投诉后，我队当即约谈相关共享单车负责人，对当事人进行相关的法律法规教育，并责令当事人立即改正，现已整改完毕，今后执法部门将加强对此处的监管,已解决,停车摆放问题
GZ_062,广州,http://www.gz.gov.cn/,2026-03-14,反映乱摆卖、垃圾清理等街面问题,亚运林-水杉林往钟四山塘会经过一个树屋，那里好多人在用树枝建树屋，旁边垃圾乱扔，特别是丢弃很多扎带，环境很差,广东省广州市番禺区钟村街道钟韵路与骏新路交叉口正南方向280米左右,根据市民反映的情况，我分局处理如下：1.大夫山森林公园管理中心于3月16日下午对游客捆绑在树上的干枝进行清理，并计划增设垃圾桶和温馨提示牌。2.大夫山森林公园管理中心将举一反三，对园区进行全面排查，如发现类似情况，将及时处理。,已解决,环境卫生问题
GZ_063,广州,http://www.gz.gov.cn/,2026-03-14,反映公园管理问题,市民反映，绿化绿地遭受破损,广东省广州市天河区猎德街道海文路临江大道公园,该事项由广州市林业和园林局牵头，我街工作人员配合市林业园林局的工作人员对临江大道绿地草坪搭设帐篷人员进行拆除。,已解决,环境卫生问题
GZ_064,广州,http://www.gz.gov.cn/,2026-03-15,反映施工问题,市民反映，该地存在无证施工情况,广东省广州市越秀区华乐街道越秀区华侨新村团结路56号一楼空地,接到投诉后执法人员赶到现场检查，已责令当事人拆除铁围栏，后续执法人员将继续跟进。,已解决,公共设施问题
GZ_065,广州,http://www.gz.gov.cn/,2026-03-16,反映乱摆卖、垃圾清理等街面问题,莲藕汤店外垃圾乱摆放,广东省广州市天河区黄村街道天河区黄村东路与庙元东大街交叉口北60米,黄村街日常已安排人员对周边区域实行常态化管控；重点时段为每周一至周五 19:00-22:00 晚高峰，加强对占道乱摆卖的整治及劝阻；其余时间在该区域附近开展市容秩序动态巡查。2026 年 3 月 16日晚，黄村街已派遣市容组工作人员到场处置，对周边商家进行整治及收回店内,已解决,环境卫生问题
GZ_066,广州,http://www.gz.gov.cn/,2026-03-17,反映车辆乱停放问题,市民反映车辆乱停放问题,广东省广州市荔湾区中南街道中南街道连生街29号(乐嘉超市(连生街店)),经市公安局荔湾分局中南派出所核查，民警已到场对乱停放的车辆进行违停执法、劝离，对车主进行宣传教育，要求其不得违反交通秩序,已解决,停车摆放问题
GZ_067,广州,http://www.gz.gov.cn/,2026-03-18,反映路桥坑洼、破损问题,市民反映该地路桥坑洼、破损问题,广东省广州市花都区新华街道新华街道建设路71号101铺(琳琅浩俊蛋糕店(宝华店)),经现场核实，情况属实。我中心已安排工作人员对该位置人行道破损进行处理，现已处理完毕。,已解决,公共设施问题
GZ_068,广州,http://www.gz.gov.cn/,2026-03-20,反映乱停乱放问题,市民反映机动车乱停乱放问题,员村山顶东往西路段,天河大队安排辖区中队加强该路段的巡逻管理整治，查处违法车辆，管控道路通行秩序，并加强对车辆违法行为的执法。,已解决,停车摆放问题
GZ_069,广州,http://www.gz.gov.cn/,2026-03-20,反映公共设施问题,市民反映，井盖松动异响,广东省广州市天河区长兴街道天河区岑村南街南胜里七号,我司人员于3月20日17时18分到场核实，发现该址位置有2个排水设施井盖松动异响问题，现已将松动异响排水设施井盖修复，排水设施井盖松动异响问题已解决,已解决,公共设施问题
GZ_070,广州,http://www.gz.gov.cn/,2026-03-21,反映乱堆物堆料问题,施工垃圾堆放在门口，影响出入，垃圾车堵住门口，人都走不了,广东省广州市越秀区珠光街道越秀区清水濠28.32号,反映情况收悉，珠光街执法队已派执法人员到现场核查处理，经查该址为清水濠28、32号扩建电梯间及连廊工程，执法队员已要求工作人员及时清理施工过程中产生的建筑垃圾，做到文明施工，避免堵塞通道，影响居民正常生活。,已解决,环境卫生问题
GZ_071,广州,http://www.gz.gov.cn/,2026-03-21,反映居民楼窗台垃圾问题,市民反映，楼上居民垃圾放置在窗户上,广东省广州市南沙区南沙街道南沙大涌金涌街149号大涌地铁D出口(南沙大涌金涌街弘业烟酒商行),经大涌村委反馈已第一时间安排人员前往现场核实，已协调该区域上层屋主尽快整改，后续将加强该区域的巡查频次及对该栋房屋垃圾分类宣传,已解决,环境卫生问题
GZ_072,广州,http://www.gz.gov.cn/,2025-12-03,反映噪声、气味、污水等环境问题,行政楼经常夜晚施工，搬运大件，使用电锯钉枪，产生巨大噪音。多次投诉无效,广东省广州市番禺区长隆旅游度假区行政楼,市民反映的单位实际为广州长隆集团有限公司香江野生动物世界分公司，于广州市番禺区大石街礼村村建成一个娱乐服务项目。该单位发电机房在升级改造过程中产生噪声污染物，未配备隔音降噪设施,已解决,噪声扰民问题
GZ_073,广州,http://www.gz.gov.cn/,2025-12-03,反映路桥坑洼、破损问题,人和镇矮岗泰安西十六巷口的路烂了，存在隐患，希望能尽快处理。,广东省广州市人和镇矮岗泰安西十六巷口,根据市民反映的路桥坑洼、破损问题事项。接报后，我镇已迅速安排工作人员跟进。经核实，上址确实存在路面破损的情况。我镇已安排工作人员对路面进行修复，现修复工作已完成,已解决,公共设施问题
GZ_074,广州,http://www.gz.gov.cn/,2025-12-03,反映噪声、气味、污水等环境问题,某处居民楼墙体裂缝不断渗出污水伴随恶臭,广东省广州市越秀区珠光街道珠光路东石新街安和里九号,经了解，上址属在册公房，关于安和里九号对面楼污水问题，所属物业管理公司已派员对上址漏水位置进行修复，目前已无污水流出。,已解决,公共设施问题
GZ_075,广州,http://www.gz.gov.cn/,2025-12-04,反映噪声、气味、污水等环境问题,开宵夜档播放音响大声唱歌喧杂声大，天天播到深夜1、2点实在太吵了。,广东省广州市南沙区黄阁镇黄阁大道与庐前山南路交叉口(南沙十里方圆),我单位对该地址附近的大排档处理情况。对相关商户公放唱歌造成的噪音影响已进行提醒教育，要求其加强音量管理工作，并督促村居部门加强对上址巡逻管控工作，发现此类现象要立即制止，减少对周边住户的影响。,已解决,噪声扰民问题
GZ_076,广州,http://www.gz.gov.cn/,2025-12-04,反映道路桥梁设施问题,河道步道被非法占为己有，不让行人路过，影响他人日常生活以及休闲活动，带来极大的不便利,广州市白云区钟落潭镇九太路沙田郭树路（广州帽峰山生态园北门对面）,投诉后，派出队员到达现场，已责令当事人拆除围蔽绿道的围蔽物。,已解决,公共设施问题
GZ_077,广州,http://www.gz.gov.cn/,2025-12-05,反映游商问题,乱摆卖太严重了,广东省广州市广州市增城区石滩镇碧桂园豪园千鹤街,接件后，石滩镇政府高度重视，指派镇综合行政执法队对您反映的问题进行核查。根据《广州市市容环境卫生管理规定》第二十四条规定：“任何单位和个人不得占用道路、桥梁、人行天桥、地下通道等公共场所设摊经营、兜售物品，堆放废旧物品、废弃互联网租赁自行车，影响市容环境卫生。道路两侧和广场周围建筑物、构筑物内的经营者不得超出门窗和外墙设摊经营。”2025年12月8日，镇综合行政执法队工作人员到现场核查，发现乱摆卖情况，已立即驱赶游商，要日求其清理好路面，需入室文明经营,已解决,公共设施问题
GZ_078,广州,http://www.gz.gov.cn/,2025-12-07,反映路桥坑洼、破损问题,路桥坑洼、破损,广东省广州市天河区天河南街道(广州大道中)中山一立交第三层南往北方向，广州大道北与内环路交叉口导流线前50米,市民反映上址路面破损严重的情况已收悉，目前已安排人员前往该路段进行核查，现该路面已修复完毕。感谢市民提出的宝贵意见。,已解决,公共设施问题
GZ_079,广州,http://www.gz.gov.cn/,2025-12-08,反映噪声问题,晚上有食客声音较大，有点吵,:广东省广州市南沙区珠江街道珠江街道广州龙穴管业有限公司(珠江创新谷夜市),接诉后，前锋社区工作人员已马上联系管理方要求对夜市商户和食客进行劝导，要求商家提醒食客用餐时候降低音量，避免对周边居民造成影响。,已解决,噪声扰民问题
GZ_080,广州,http://www.gz.gov.cn/,2025-12-08,反映道路桥梁设施问题,广州市白云区启德路和康庄路红绿灯交界处 不知道是撞坏还是干嘛 坏了很久了，已影响行人通行。,广州市白云区启德路和康庄路红绿灯交界处,市民反映上址道路桥梁设施问题，工作人员到现场核查，并安排工人将上址道路修复好了。,已解决,公共设施问题
GZ_081,广州,http://www.gz.gov.cn/,2025-12-09,反映公共场所环境卫生问题,租户长期把烟头丢入我家楼房中。,广东省广州市黄埔区黄埔街道黄埔街道仁安里(下沙仁安里19号),接到您的反馈后我们高度重视，立即对您反映的情况进行了调查核实并约谈房东，房东态度积极，表示会对住户吸烟问题加强管理和提醒。已要求房东加强措施应对，落实消防主体责任，加强日常消防管理,已解决,公共卫生问题
GZ_082,广州,http://www.gz.gov.cn/,2025-12-10,反映道路保洁问题,粉尘在路面飞扬扩散，希望增加该路段洒水降尘与路面清扫的频次。,广东省广州市增城区新塘镇港口大道路段,针对市民反映的道路保洁问题，我执法队已督促相关保洁公司到场进行路面保洁工作，增加洒水车的频次做好道路防尘。日后，我执法队将加强对该区域道路保洁和环境卫生的巡查力度，做到道路保洁到位，以降低对附近群众的影响,已解决,公共卫生问题
GZ_083,广州,http://www.gz.gov.cn/,2025-12-12,反映照明设施问题,路灯属于故障不亮，天黑走很恐怖，恢复照明。,茅山大道南路至江边路段（东江首府门口）,经核查，上址路灯已修复并已亮灯。,已解决,公共设施问题
GZ_084,广州,http://www.gz.gov.cn/,2025-12-13,反映工地扬尘问题,有施工，很多灰尘,广东省广州市增城区新塘镇瑶田村东联开发区姚田河,我镇已要求施工单位加强洒水频次，减少施工扬尘,已解决,公共设施问题
GZ_085,广州,http://www.gz.gov.cn/,2025-12-14,反映气味扰民问题,:新塘镇荔新九路43号千亿产业园内，每天不定时发出刺鼻气味，影响周边人员生活工作，气味扰民。,广东省广州市新塘镇新塘大道中一号,2025年12月16日，镇环保办工作人员到现场核查。经溯源，被投诉企业为广州洛朗新材料有限公司，该公司位于荔新九路43号，从事化学用品制造，占地约500平方，设有1台加热搅拌炉，3台低温搅拌炉，1台烤箱，治理设备正在改进中，现场检查时车间大门未完全闭合，部分气味扩散至外环境。镇环保办工作人员责令其负责人加快对治理设备及车间密闭性进行完善与改进，确保废气达标排放，不得影响周边环境。 ,已解决,环境卫生问题
GZ_086,广州,http://www.gz.gov.cn/,2025-12-15,反映不明井盖噪声问题,井盖，每次过车，车轮碾压井盖发出较大噪音。,广东省广州市越秀区白云街道合群一马路与合群西路交叉口正西方向69米左右(合群一马路89-95号大院),经核实有2个井盖存在异响情况，12月17日00时30分已将异响井盖修复，井盖异响问题已解决,已解决,公共设施问题
GZ_087,广州,http://www.gz.gov.cn/,2025-12-17,反映大气问题,该店铺广州市增城瑞昇汽车用品店，是做汽车调漆的， 经常拿桌子在门外面喷漆，实际店内没卖汽车配件，油漆味很难闻，影响周边居民的生活,广东省广州市增城区新塘镇石下新沙大道北66号,该店主要经营油漆售卖，设有手工试喷、调漆工艺，未配套油漆废气治理设施，产生气味影响周边环境。镇环保办工作人员现场责令该店负责人立即移除调漆设备，加强日常管理，不得影响周边居民生活,已解决,环境卫生问题
GZ_088,广州,http://www.gz.gov.cn/,2025-12-18,反映垃圾满溢（垃圾设施满溢）问题,小区垃圾站的垃圾都满了，没人清理,广东省广州市增城区中新镇福中路34号恒大山水郡小区,收到您反映小区垃圾站垃圾满溢无人清理的问题后，我镇高度重视，在第一时间要求恒大山水郡小区物业公司加强园区内垃圾站的日常巡查与清运频次，确保垃圾及时清理、周边环境整洁。后续我镇也将持续跟进该小区的垃圾清运情况，督促物业公司进一步提升管理服务水平，为居民创造干净舒适的居住环境。,已解决,环境卫生问题
GZ_089,广州,http://www.gz.gov.cn/,2025-12-19,反映噪声、气味、污水等环境问题,市民反映，广场舞太吵了,广东省广州市白云区石井街道潭村公园(宝岗楼东南)附近(潭村公园-东门),您反映的投诉事项白云区石井街道潭村公园(宝岗楼东南)附近(潭村公园-东门)生活噪声污染生活噪声问题已收悉，工作人员到现场核查，工作人员现场责令居民降至合理分贝，控制娱乐时间,已解决,噪声扰民问题
GZ_090,广州,http://www.gz.gov.cn/,2025-12-19,反映暴露垃圾（未倒入容器生活垃圾）问题,市民反映，有堆垃圾未清理,广东省广州市番禺区洛浦街道东乡一街三巷与东乡一街四巷交叉口东南方向34米左右(东乡村一街二巷1号楼),番禺区洛浦街回复：东乡村收悉此诉求，东乡村工作人员已安排清洁工人到现场清洁，并督促其加强改路段巡查管理及清洁力度,已解决,环境卫生问题
GZ_091,广州,http://www.gz.gov.cn/,2025-12-21,反映噪声、气味、污水等环境问题,每天晚上下班回来隔着大马路能听到营地在唱歌扰民，超级大声，又难听,:广东省广州市白云区同和街道白云区北太路373,夏良村工作人员已上门上址，告知负责人需提醒客人降低音量噪声，避免噪声对附近居民造成影响,已解决,环境卫生问题
GZ_092,广州,http://www.gz.gov.cn/,2025-12-22,反映路桥坑洼、破损问题,路面下塌,事发地址:广东省广州市荔湾区金花街道金花街道西华路162号(珍珍小食店对面-隔壁有停车场)(老濠江潮菜馆·22年老字号(,针对您反映西华路162号(珍珍小食店对面-隔壁有停车场)(老濠江潮菜馆·22年老字号(西华路店))道路破损问题，经核实，已对该位置进行修复，已修复完成。,已解决,公共设施问题
GZ_093,广州,http://www.gz.gov.cn/,2025-12-23,反映道路桥梁设施问题,行人道止车石损毁,广东省广州市从化区温泉镇风景区温泉东路碧泉酒店附近,经温泉镇建设服务中心核查，您反应的情况属实。 二、工作人员于2025年12月31日到现场处理，已将上述路段行人道止车石修复,已解决,公共设施问题
GZ_094,广州,http://www.gz.gov.cn/,2025-12-24,反映电动车违规问题,电动车占道摆放导致交通堵塞,广东省广州市天河区车陂街道404路夜64路(东圃二马路[公交站]),电动车占道摆放，导致严重交通拥堵,已解决,停车摆放问题
GZ_095,广州,http://www.gz.gov.cn/,2025-12-26,反映噪声、气味、污水等环境问题,噪声扰民,广东省广州市天河区猎德街道海风路广粤尊府(凯旋新世界·广粤尊府-T16栋),关于您反映的楼下弹琴噪音扰民问题，我们已及时介入处理：2025年12月29日10:30，我街社区第一时间致电向您了解情况；10:40我街社区联系物业上门与弹琴者沟通，说明噪音对您的影响，对方表示歉意并承诺将弹琴时间调整至上午；同时，我街社区已督促物业加强日常巡查，杜绝类似噪音扰民情况再次发生,已解决,噪声扰民问题
GZ_096,广州,http://www.gz.gov.cn/,2025-12-28,反映噪声问题,增城区新塘镇新塘公园，跳广场舞的音乐声噪声扰民，没有管理人员进行管理。希望职能部门尽快跟进解决噪声扰民问题。,广东省广州市增城区新塘镇新塘大道新塘公园,根据市民反映的问题，我办通知公园安保已对各广场舞群体，进行通知劝告，控制好音乐音量，以免影响他人。往后都会跟踪监管好。给市民一个舒适怡人的公共场所,已解决,噪声扰民问题
GZ_097,广州,http://www.gz.gov.cn/,2025-12-31,反映生活垃圾分类问题,该地址门口那个垃圾桶没及时清理，很多垃圾,广东省广州市广州市增城区石滩镇上灯街美宜佳,接到投诉后，我镇城乡环卫组高度重视，迅速响应，第一时间组织清洁力量对现场垃圾进行全面清理，目前问题已整改到位,已解决,环境卫生问题
GZ_098,广州,http://www.gz.gov.cn/,2025-01-01,反映路桥坑洼、破损问题,东方国际广场和小河中问的路地陷了，商场东三街门口前面,广东省广州市天河区天园街道黄埔大道中299号(东方国际商业广场),事发后，工作人员立即赶赴现场开展应急处置，经核查路面地下空洞面积约8平方米，随后会同区水务局对塌陷区域进行回填修复，已于当日完成全部整改工作,已解决,公共设施问题
GZ_099,广州,http://www.gz.gov.cn/,2025-01-03,反映燃放烟花问题,晚上12:00还在放烟花！严重影响老人孩子睡觉，孩子一听到烟花响就惊醒大哭！,广州市从化区珠光御景山水城背后河边绿道,经从化区公安分局江埔派出所2026年1月5日核实，已安排警力加强河堤路段夜间巡逻,已解决,噪声扰民问题
GZ_100,广州,http://www.gz.gov.cn/,2025-01-04,反映消防安全问题,广州白云区石门街红星村红星街九巷8号一楼巷口十字路违规安装电动车充电桩，该出租屋人员电动车充电时把仅有一米的巷口堵塞，行人无法通过。,广东省广州市广州白云区石门街红星村红星街九巷8号一楼,关于市民反映白云区石门街红星村红星街九巷8号一楼违规安装充电桩的问题。经核查，该充电桩于1月13日已拆除。,已解决,消防安全问题
