news_id,city,media,original_url,report_date,title,content,conflict_type,solution,departments,note
GZ_news_001,广州,澎湃新闻,https://www.thepaper.cn/newsDetail_forward_31624545,2025-09-17,门禁成了“催费喇叭”，这事对吗？,广州市花都区某某街道引入“AI网格员”系统，通过分析12345历史工单和社交媒体舆情，自动识别噪音、漏水等高频矛盾苗头。3月25日，系统预警某小区两户居民因宠物叫声产生争执倾向，网格员提前上门调解，双方握手言和。街道负责人表示，系统上线后同类投诉下降30%。,物业矛盾,业主向12345举报投诉后，花都区炭步镇人民政府出具整改通知，要求物管公司服务好业主，同时可私下电话或微信催费；物业应改善服务质量，从源头上解决业主拒费的真实原因，避免不当催费手段。,花都区炭步镇人民政府、12345热线,
GZ_news_002,广州,羊城晚报,https://news.ycwb.com/ikimvkotji/content_54059404.htm,2026-04-12,广州一六旬阿婆乘公交车时从座位上起身走动，忽遇急刹车摔倒致九级伤残，起诉索赔 34 万余元；法院驳回：公交公司及司机均不存在任何过错,年过六旬的李婆婆搭乘某公交车，车辆行驶途中从座位上起身走动且未采取任何安全措施，恰逢司机为避让突然变道的其他车辆紧急刹车，李婆婆摔倒致骨折、关节半脱位，构成九级伤残。交警认定为交通意外事故，司机与乘客均无责任。李婆婆起诉公交公司及司机索赔 34 万余元，广州市白云区人民法院经审理判决驳回其全部诉讼请求。,运输合同纠纷,法院依法审理，依据《民法典》第八百二十三条及《广州市公共汽车电车乘车守则》，认定公交公司及司机无过错、李婆婆存在重大过失，驳回原告诉讼请求,广州市白云区人民法院、交警部门,判决已生效，明确乘客乘车需遵守 “坐稳扶好” 义务，公交公司仅在存在过错时承担责任
GZ_news_003,广州,金羊网,https://news.ycwb.com/ikimvkotkb/content_54055692.htm,2026-04-09,广州荔湾：维修师傅变骑手，街角 “暖骑安检站” 点亮深夜修车灯,广州荔湾区东漖街道，维修店店主阿 Ben 为解决外卖骑手送餐途中车辆抛锚的难题，亲自体验骑手工作，在东漖街道党群服务中心、荔湾区新就业群体俱乐部支持下，开设当地首个 “暖骑安检站”，为骑手提供免费车辆安检、应急维修服务；同时以 “老带新” 模式，为社区失业人员、“4050” 就业困难群体提供维修技能培训，推动技能传承与基层治理结合，打造党建引领下的新就业群体服务阵地。,新就业群体服务需求,党建引领搭建服务平台，由街道党群服务中心牵头，招募维修师傅开设 “暖骑安检站”，提供免费安检维修服务，同步开展技能培训帮扶就业,荔湾区东漖街道办事处、东漖街道党群服务中心、荔湾区新就业群体俱乐部,该项目是荔湾区党建引领基层治理创新的典型案例，已成为骑手口口相传的 “避风港”，后续计划在更多社区复制推广
GZ_news_004,广州,羊城晚报,https://news.ycwb.com/ikimvkotjo/content_54062728.htm,2026-04-14,广州一市民收到疑似诈骗取件短信，标题为 “丰巢” 而非 “丰巢”，短信预留私人手机号码，丰巢回应：如取件有问题，不会让用户拨打私人号码,广州越秀区一市民收到仿冒 “丰巢”（实为 “丰巢”）的快递取件诈骗短信，短信预留 2 个重庆私人手机号，回拨无法接通。丰巢科技回应：官方取件短信仅通过 106 开头正规号码发送，绝不会留私人手机号；广州市公安局刑侦支队 “广州反诈” 发布提醒，此类诈骗针对中老年群体，切勿回拨陌生号码、点击链接或下载非官方 APP。丰巢已在广州社区快递柜张贴反诈宣传，通过多平台发布防骗提示。,社区电信诈骗,1. 丰巢官方发布防骗声明，明确官方取件通知渠道，在社区快递柜张贴反诈宣传；2. 广州反诈部门发布反诈提醒，科普诈骗套路与防范方法；3. 媒体曝光诈骗手段，提升市民防范意识,广州市公安局刑事侦查支队（广州反诈）、丰巢科技、越秀区社区居委会,该诈骗通过仿冒品牌名、预留私人手机号实施，是社区高频诈骗类型，丰巢与反诈部门联动开展社区反诈宣传，提升居民防范能力
GZ_news_005,广州,金羊网,https://news.ycwb.com/ikimvkhtij/content_54022084.htm,2026-03-21,10 户业主集资改造！广州花都又有危旧房自主更新项目动工,广州花都区花东镇推广社区复兴街 2 号 - 9 号（骑楼街）为上世纪 60 年代建成的 D 级危房，存在严重安全隐患。2025 年 3 月，10 户业主提出自主改造申请，花都区、镇、社区三级联动，以党建引领、政策创新、全程服务保障项目落地，创新 “业主自主出资、政府引导服务” 模式，实现 100% 业主签约，项目于 2026 年 3 月 20 日正式动工，预计 2027 年 3 月完工，将重塑岭南骑楼风貌，打造共建共治共享的城市更新样板。,危旧房改造民生需求,1. 党建引领凝聚共识，党员干部入户宣讲、化解分歧；2. 区、镇、社区三级联动，成立专项工作组，全流程服务审批；3. 出台区级危旧房自主更新试点方案 2.0，破解产权、规划、审批难题；4. 优化设计方案，兼顾风貌保护与居住需求，实现 100% 业主签约,花都区委、区政府，花东镇人民政府，推广社区居委会，花都区住房城乡建设局，市规划和自然资源局花都区分局,该项目是广州成片连片私人物业危旧房自主更新的典型范例，创新 “业主主导、政府服务” 模式，为城市更新与社区治理提供可复制经验，后续将在全区推广
GZ_news_006,广州,金羊网,https://news.ycwb.com/ikimvkntkb/content_54109513.,2026-05-09,记者帮｜广州一省道路口变露天车场，交警：对 10 台违停车辆依法处罚,网友爆料广州省道 S116 大观中路（科学城路口、光谱西路交汇口）路面违规停放多台机动车，记者实地走访发现路口公交站旁至少 9 台车辆占道停放；记者将线索提交至 “天河大队队长信箱”，交管部门依据《广东省道路交通安全条例》第二十四条处置，5 月 8 日天河交警到场查处 10 台违停车辆。该路段本年度违停执法已达 216 宗，交警后续将出台长效整治措施治理违停乱象。,道路交通违规停车治理矛盾,1. 记者线索转交交管部门；2. 交警现场核查，依据《广东省道路交通安全条例》对违停车辆依法处罚；3. 调研长效管控方案，常态化整治路段违停,广州市交警支队天河大队,该点位属于违停高发路段，年内已累计执法 216 起，需长效管控
GZ_news_007,广州,金羊网,https://news.ycwb.com/ikimvkntkb/content_54109257.,2026-05-09,记者帮｜广州两家普拉提馆突然闭店，超 60 万元预付款难追回，有学员报警,广州荔湾区楚柔普拉提生活馆、越秀区戈芮思运动美学空间先后突然闭店，两家门店存在股东、人员交叉关联，疑似同一运营主体。楚柔涉及学员 30 余人、未退预付金 20 万余元；戈芮思涉及近百名学员、未退预付金 40 万余元，合计涉预付金额超 60 万元。部分前教练明知门店经营恶化仍诱导学员续费，还提出需加倍购新课才可承接剩余课时。学员通过 12345 热线投诉、属地派出所报警、法院立案多渠道维权；荔湾区市监局已涉事企业列入经营异常名录，越秀区文广旅体局仅能做协调，无处罚权限，律师提示消费者可依法起诉退款，恶意预收费跑路涉嫌诈骗,社区周边预付式消费纠纷（社区营商与居民消费权益治理）,1. 学员：12345 投诉 + 报警 + 法院立案维权；2. 荔湾区市监局：现场核查、涉事企业列入经营异常名录，查实违规依法查处；3. 越秀区文广旅体局：居中协调，协调无果指引消费者仲裁、诉讼；4. 律师指导消费者依据消保法、新规主张退费,荔湾区市场监督管理局、越秀区文化广电旅游体育局、属地派出所、荔湾区人民法院,属于社区商业预付卡跑路典型治理案例，跨荔湾、越秀两区，预付消费纠纷是社区常态化治理重点问题
GZ_news_008,广州,金羊网,https://news.ycwb.com/ikimvkntkc/content_54107136.,2026-05-08,广州 50 万粉丝 “捡瓶小狗”，疑被 “毒狗团伙” 盯上，目前只能被迫困在家中,网红小狗 “小白” 坚持 5 年沿街捡瓶，全网粉丝超 50 万，捡瓶 + 自媒体收益累计 10 万元，主人将部分收入用于社区流浪动物救助。近日有热心粉丝发现，一个网络虐宠团伙盯上小白，团伙成员（家住天河六运小区）泄露主人隐私、在群内密谋投毒害犬；为避险，主人暂停小白外出活动、全天候圈养看护，已留存聊天记录等证据，准备提交公安机关报案，同时呼吁抵制毒狗虐宠行为,社区治安治理,1. 主人留存聊天、隐私泄露等证据，移交公安机关立案处置；2. 居家圈养小狗规避人身伤害风险；3. 媒体曝光呼吁社会抵制虐宠、毒狗违法行径,天河区辖区派出所,涉及社区养宠安全、网络恶意扰民、个人隐私泄露问题，属于社区治安与文明养宠治理典型案例
GZ_news_009,广州,金羊网,https://news.ycwb.com/ikimvkntkm/content_54104688,2026-05-06,多方联动，破解视力残障夫妇离婚难题,广州白云区一对视力残障夫妻因生活习惯矛盾均自愿离婚，但受身体障碍影响无法自主办理离婚手续，向广州市妇联万事兴维权综合服务中心白云区分站求助；站点启用 “法律 + 社工” 模式，联动公益律师、驻法院社工、承办法官，全程协助二人沟通协商、梳理材料、对接法院流程，顺利办结离婚；当事人送锦旗致谢，白云区妇联后续将持续完善多部门联动机制，精准帮扶残障、妇女等特殊群体,弱势群体帮扶类社区治理,1. 妇联站点对接公益律师开展婚前协商调解；2. 派驻法院社工联动承办法官，优化办事流程、全程代办协助立案手续；3. 建立长效联动服务机制，常态化帮扶特殊困难群众,广州市妇联万事兴维权综合服务中心白云区分站、公益律师、白云区人民法院,典型的多部门联动化解特殊人群民生难题案例，是基层妇联助力社区家庭治理、特殊群体权益保障的示范事项
GZ_news_010,广州,羊城晚报,https://news.ycwb.com/ikimvkntjo/content_54117594.,2026-05-14,广州一小区施工围蔽人行道，人车混行家长学生出行隐患重重，有关部门：进一步整改,增城区合生湖山国际七期业主投诉，小区三期在建工地占用红线内人行道实施围蔽施工，项目紧邻合生育才学校、合美湖山幼儿园，在校师生超 2700 人；原有道路狭窄，围蔽后上下学高峰期人车混行、大型工程车出入，已发生学生交通事故，家长担忧孩子通行安全。业主通过 12345 热线、媒体求助，施工方称占道在施工红线内，承诺优化围挡与交通设施；增城区住建局、新塘镇政府先后两次现场核查，责令施工方限时整改：错峰管控施工车辆、增设斑马线 / 减速带 / 反光镜、配备专职交通疏导员，后续主管部门将常态化巡查管控,小区施工占道引发校园周边居民出行安全纠纷,1. 业主通过 12345 政务热线 + 媒体渠道反馈出行隐患；2. 属地住建、新塘镇政府现场督办，分阶段下达整改细则；3. 施工方落实优化围挡、增设交通安全设施、错峰禁行工程车、配置专职疏导员等整改举措；4. 主管部门建立长效巡检机制，巩固整改效果,广州市增城区住房和城乡建设局、增城区新塘镇人民政府、合生湖山花园三期施工单位,典型校园周边施工扰民类社区治理案例，涉及数千名师生日常出行安全，多部门联动落地整改闭环
GZ_news_011,广州,广州政法,https://www.gzszfw.gov.cn/shzl/content/post_69517,2026-04-27,“小网格” 有 “大温暖”！番禺石楼网格员联合辅警帮助走失老人安全返家,4 月 21 日，番禺石楼镇赤岗村一名 93 岁高龄老人外出散步走失，路人报警后辅警将老人送至赤岗工作站；老人方言浓重、不认字无法自述住址，网格员依托来穗系统、纸质户籍档案初步锁定身份，又通过基层数字化治理 “粤居码” 系统调取老人儿子备用联系方式，顺利联系家属，走失老人平安归家；石楼镇后续将常态化开展网格巡查，依托数字化平台处置群众急难问题,社区平安 + 养老便民治理,1. 路人报警，辅警先行安置走失老人；2. 网格员依托村级档案、来穗系统、粤居码数字化平台分层核查身份、调取家属联络信息；3. 对接家属护送老人回家；4. 属地网格部门完善长效巡查帮扶机制,番禺区石楼镇赤岗村网格工作站、辖区辅警、石楼镇平安法治办,依托基层网格化 + 数字化治理平台化解高龄老人走失难题，是社区养老平安帮扶典型案例；无利益纠纷，但属于基层便民治理落地事项
GZ_news_012,广州,广州政法,https://www.gzszfw.gov.cn/shzl/content/post_69462,2026-04-09,废旧煤气罐太危险！穗东街 “网格吹哨 + 部门报到” 火速排雷,黄埔区穗东街网格员日常巡查时，发现辖区废品回收站违规存放 11 只报废煤气罐，其中 3 只阀门破损、罐内残气外泄，存在重大消防安全隐患；回收站经营老人误认为废罐可当废铁售卖，抗拒清运并索要经济补偿。经网格员以案普法劝导、协调房东减免部分房租安抚经营者，最终老人同意配合处置，涉险煤气罐全部由专用车辆安全转运。后续街道督促房东签订出租屋安全承诺书、开展周边消防科普，同时全域排查废品站点、完善网格隐患常态化巡查机制,出租屋废品站点违规存危险品引发消防安全 + 经济补偿纠纷,1. 网格员巡查发现隐患，启动 “网格吹哨 + 部门报到” 机制，街道综合执法、社区民警联合到场处置；2. 工作人员用事故案例普法劝导经营者，联动房东减免房租化解补偿矛盾；3. 危险品专车转运消除现场险情；4. 事后签订安全责任书、片区消防宣传、全街废品站专项排查、建立网格长效隐患排查制度,黄埔区穗东街道综合行政执法办、社区民警、街道网格工作站,典型网格联动处置消防安全矛盾案例，兼顾安全整治与困难从业者民生帮扶，落地长效社区安全管控措施
GZ_news_013,广州,广州政法,https://www.gzszfw.gov.cn/shzl/content/post_69371,2026-04-03,离婚纠纷陷僵局，南华西街综治中心巧解显温情,海珠区南华西街道一夫妻纠缠 3 年离婚纠纷，矛盾焦点集中在夫妻共同财产分割、家中四级智力残疾子女照料、女方离异后生活安置三大事项；街道依托网格摸排捕捉纠纷线索，启动 “中心吹哨、部门报到” 联动机制，联合街道平安办、司法所、社区律师、居委会组建专项调解组，采取背对背疏导 + 面对面协商模式，结合法律释明与民生帮扶，最终双方达成协议：男方一次性支付女方财产折价 + 租房补助合计 10.9 万元，纠纷圆满化解,社区家事调解 + 特殊群体权益治理,1. 网格员日常摸排发现陈年家事纠纷，移交街道综治中心；2. 多部门联动组建调解专班，律师提供财产分割法律指导；3. 柔性调解兼顾法理与民生，测算男方支付能力、为女方争取过渡租房补助；4. 促成双方签署和解协议，一次性结清款项，化解 3 年僵持矛盾,海珠区南华西街综治中心、街道平安办、司法所、社区律师、属地居委会,典型社区家事矛盾多元联动调解案例，兼顾婚姻财产纠纷处置与残障儿童、困难妇女权益保障
GZ_news_014,广州,广州政法,https://www.gzszfw.gov.cn/shzl/content/post_69334,2026-03-30,网格联动 + 执法发力，广州街坊火速出手整改私拆违建行为,荔湾区南源街道西焦社区居民投诉，楼栋内业主装修私自敲毁房屋承重柱、在公共区域搭建简易棚屋，破坏楼栋主体结构、侵占公共空间，引发全楼邻里不满与居住安全隐患；社区网格员联合街道执法队现场核查，执法人员普法责令停工限期整改，社区工作人员逐户上门安抚、科普安全常识，化解其余住户对整改施工扰民的顾虑；涉事业主自行修复承重柱、拆除全部违建棚屋。后续社区 + 执法部门加密日常巡查，建立违建长效监管机制,业主私拆承重 + 公共区域违建引发邻里安全、公共空间纠纷,1. 居民投诉上报，网格员联动街道执法到场勘验；2. 执法普法，责令违建业主停工、限期修复结构 + 拆除违建；3. 社区入户沟通其余居民，消除整改噪音、生活受影响的顾虑；4. 当事人自行完成整改，恢复公共空间；5. 健全网格 + 执法常态化巡查管控机制。,荔湾区南源街道西焦社区（网格员 / 社区工作人员）、街道综合行政执法队,典型小区违建 + 房屋结构安全邻里矛盾，依托网格 + 执法联动闭环处置，同步完善长效巡查治理
GZ_news_015,广州,广州政法,https://www.gzszfw.gov.cn/shzl/content/post_69300,2026-03-25,租房押金要不回？“和事佬” 广州街坊来解围,租客小付预交租房押金后因个人变故无法履约退租，房东周某以租客单方面违约为由拒不退还押金，双方产生租房经济纠纷；小付前往明经村网格工作站求助，网格员梁颖珊先安抚租客诉求，电话对接房东，结合民法典相关法条释法明理，引导房东换位思考，最终房东自愿全额退还租客押金，纠纷圆满化解。网格员依托深耕基层 16 年的经验，践行小事不出网格的基层治理机制。,房屋租赁押金经济纠纷,1. 租客到村级网格站点求助；2. 网格员分别对接双方，普法 + 情理劝导；3. 促成房东全额退还押金，当场化解矛盾；4. 依托网格常态化调解机制，就地处置民间租赁纠纷,从化区化龙镇明经村网格工作站,典型社区房屋租赁押金邻里经济纠纷，依靠基层网格员就地调解，是 “小事不出网格” 社区治理落地案例。
GZ_news_016,广州,广州政法,https://www.gzszfw.gov.cn/shzl/content/post_69250,2026-03-18,从忧 “酬” 到欢 “薪”，这次追薪行动很硬核！,越秀区六榕街道辖区老牌饭店因经营不善、资金链断裂突然停业，数十名员工被拖欠薪资，多次和经营者协商无果，产生劳资欠薪纠纷。六榕街综治中心启动应急处置机制，牵头联动劳监、司法、公安多部门成立专项工作组，先疏导员工负面情绪、普法稳控局面；再多举措约谈饭店股东与实际控制人，盘活企业剩余资产筹措资金，仅用时 22 天促成 145 万元欠薪全额兑付。依托街道一站式矛盾调处闭环机制，就地化解劳资矛盾。,企业停业欠薪引发劳资经济纠纷（社区劳资民生类治理）,1. 员工反映欠薪诉求，街道综治中心牵头多部门组建专班；2. 专人一对一疏导员工情绪、开展普法宣传；3. 劳监固定欠薪证据、司法提供法律援助、公安约谈经营者防范转移资产；4. 多方协调盘活企业资产，督促老板筹措资金，全额结清 145 万拖欠工资；5. 依托闭环调处机制完善同类风险前置预警。,越秀区六榕街综治中心、街道劳监部门、司法所、辖区公安,典型辖区商户欠薪劳资纠纷，多部门联动一站式化解大额欠薪，是基层矛盾就地化解示范案例。
GZ_news_017,广州,广州政法,https://www.gzszfw.gov.cn/shzl/content/post_69202,2026-03-12,一块屏，15 分钟解纷争,荔湾区站前街道时尚商圈聚集大量商贸经营主体，货款、加工类商事纠纷频发；街道设立商圈调解工作站与全市首个行业 “共享法庭”。鸿某公司与大某公司因 9 万元加工费产生商事纠纷、协商僵持，依托 “法院 + 综治中心 + 共享法庭” 三方联动机制，线下人民调解员现场协调、法官远程视频法律指导，双方达成和解；当事人线上提交司法确认，法官远程 15 分钟出具裁定书，调解协议具备强制执行力，实现商圈商事纠纷就地高效化解。,商圈企业加工费商事经济纠纷（商圈营商类社区治理）,1. 商事双方加工款协商破裂产生纠纷，诉前委派至街道综治调解站；2. 现场人民调解员主持协商，远程法官线上提供法律释明；3. 双方达成调解协议，线上 APP 提交司法确认；4. 法官远程在线出具法律文书，15 分钟完成司法确认，形成「调解 — 确认 — 执行」闭环。,荔湾区站前街道综治中心（商圈调解工作站）、荔湾区人民法院,创新 “共享法庭 + 基层调解” 数字化治理模式，高效化解商圈商事矛盾，实现小事不出商圈，优化辖区营商环境。
GZ_news_018,广州,广州政法,https://www.gzszfw.gov.cn/shzl/content/post_69196,2026-03-10,出租屋保险绝非 “一纸空文”！一市民以 57 元保费换来 3000 元理赔款,白云区太和镇和龙村村民胡某在出租屋意外受伤住院，此前购置出租屋保险却遗忘理赔，求助网格员后，网格员协助整理材料、对接保险公司，一周内帮其成功申领 3000 元理赔；案例扭转村民对出租屋保险抵触心态，参保从被动动员变为群众主动咨询投保，村民送锦旗致谢网格员。,出租屋民生保障,网格员上门协助收集理赔材料、对接保险公司全程代办理赔；依托出租屋集体保险落地普及保险知识，转变群众参保观念,广州市白云区太和镇人民政府、和龙村村委（基层网格员）,典型网格服务助力出租屋民生治理案例，已妥善办结
GZ_news_019,广州,广州政法,https://www.gzszfw.gov.cn/shzl/content/post_69178,2026-03-09,二十万培训费引纠纷，暖心调解终促和解,市民李先生向传媒公司缴纳 20 万余元培训费后，认为课程溢价、服务与收费不匹配，要求退费，企业以事前约定为由拒退款，双方产生消费合同纠纷；黄埔区综治中心调解员多次联络企业沟通，组织现场协商，最终促成和解，企业扣除合理费用后退付 15 万余元，纠纷办结，当事人专程送锦旗致谢。,教育培训消费合同纠纷,综治调解员多方联络约谈、居中现场调解，平衡消费者与企业权益达成退费和解协议,广州市黄埔区综治中心,践行枫桥经验的社区消费纠纷调解典型案例，矛盾已妥善解决
GZ_news_020,广州,广州政法,https://www.gzszfw.gov.cn/shzl/content/post_69169,2026-03-06,村民煮鸡食引燃柴草？网格员 + 最小应急单元高效联动化险为夷,白云区钟落潭镇马洞村村民煮鸡不慎引燃柴草引发火情，村民求助网格员冯惠英；网格员安抚群众、核实火情后启动 “网格吹哨、单元响应” 机制，联动村治安联防最小应急单元到场处置，队员分工隔断可燃物、喷射灭火剂，全程 20 分钟扑灭火情，无人员伤亡、避免火势蔓延；案例依托网格员前置排查、应急队伍常态化练兵、跨主体联动三项基层治理机制落地,村居消防安全隐患突发险情处置,依托网格吹哨应急响应机制，网格员上报 + 最小应急单元现场梯次灭火处置，事后常态化安全隐患排查,广州市白云区钟落潭镇人民政府、马洞村村委、村级治安联防最小应急单元,
GZ_news_021,广州,广州政法,https://www.gzszfw.gov.cn/shzl/content/post_69147,2026-03-03,楼下 “下雨” 楼上 “观望”？鹤龙司法所出手速解邻里纠纷！,白云区鹤龙街住户陈某家中因楼上李某家水管漏水，全屋天花板渗水、墙面受损，楼上业主多次推诿拖延维修，邻里矛盾激化；陈某求助鹤龙司法所，司法所联动社区居委会、网格员，结合民法典相邻权法规释法明理、情理劝导，经一周沟通，李某承诺维修漏水管道并一次性赔付 1000 元损失，邻里纠纷妥善化解,房屋漏水引发邻里相邻权纠纷,司法所联合居委会、网格员普法 + 情理劝导，促成楼上业主修缮管道、赔付经济损失，签订和解约定,广州市白云区鹤龙街道办、鹤龙司法所、辖区社区居委会、片区网格员,社区邻里漏水纠纷人民调解案例，矛盾已办结
GZ_news_022,广州,广州政法,https://www.gzszfw.gov.cn/shzl/content/post_69138,2026-03-02,退租遇阻不用愁，广州街坊助力解民忧,白云区黄石街广外大社区租客李先生依规提前申请退租，出租人无故拒退且要求续缴租金，双方就房屋自然损耗复原问题产生租赁纠纷；三名广州街坊先后联动社区居委会、黄石派出所，运用分离调解法分拆劝导双方，最终达成和解：出租人同意退租，李先生将房屋修整至合理状态后交还。,房屋租赁退租合同纠纷,街坊联合居委会、派出所，采用分离调解法情理 + 普法疏导，促成双方签订退租和解协议,广州市白云区黄石街道广外大社区居委会、黄石派出所、社区街坊调解员,基层多元联动化解租房纠纷典型社区治理案例，矛盾已办结
GZ_news_023,广州,广州政法,https://www.gzszfw.gov.cn/shzl/content/post_69121,2026-02-27,父亲服刑母亲拒养…… 鹤龙街多方联动救助流浪少年找到 “新” 家,白云区鹤龙街一名 15 岁少年因父亲服刑、母亲不愿履行抚养义务，被清退住房后长期流浪；鹤边民警联动网格员、居委会，跨区域对接番禺公检法、民政、社工站等部门，先行提供生活物资临时帮扶，多方寻访联络亲属，最终联系上孩子姐姐并促成其收留，工作人员护送少年前往花都落户安置，困境未成年人救助闭环办结。,未成年人监护缺失困境救助纠纷（法定监护人拒履行抚养义务致孩童流浪）,街道联合公安、社区、民政、司法跨区域协同，临时兜底帮扶 + 多方寻访亲属，协调适龄亲属承接监护完成安置,广州市白云区鹤龙街道办、鹤边派出所、员村社区居委会、片区网格员、番禺区公安 / 检察院 / 法院、街道社工站、民政部门,跨区域多部门联动的未成年人权益保护典型社区治理案例，救助安置全流程办结
GZ_news_024,广州,广州政法,https://www.gzszfw.gov.cn/shzl/content/post_69107,2026-02-26,多方合力救援！港湾街道最小应急单元联动热心群众上演生死接力,南沙区港湾街道一名女子因家庭琐事情绪崩溃，怀抱女婴走入江中轻生；路过市民率先下水施救，热心路人、堤岸保安接力支援，街道最小应急单元快速到场处置，30 分钟内成功救起母女，现场安抚疏导情绪，后续母女送医检查；依托辖区 183 个最小应急单元 + 群防群治队伍实现高效应急联动,居民家庭矛盾引发轻生突发险情处置,热心群众先行施救 + 最小应急单元、物业保安联动救援，现场心理疏导、警医衔接送医，依托基层群防体系完善日常安全防控,广州市南沙区港湾街道办、港湾派出所、辖区物业、社区最小应急单元,最小应急单元 + 群众群防联动处置轻生险情的基层平安治理典型案例，险情处置完毕
GZ_news_025,广州,广州政法,https://www.gzszfw.gov.cn/shzl/content/post_69091,2026-02-24,诈骗危机下，广州街坊亮起一盏灯,越秀区一名居民遭遇电信诈骗损失数百万元，受巨额财产损失打击陷入精神崩溃并萌生轻生想法；广州街坊服务队紧急启动应急机制，心理专业人员上门开展心理危机干预，帮当事人走出心理阴霾；后续联动越秀公安反诈民警面向社区综治、楼栋长等基层骨干开设反诈专题讲座，结合杀猪盘案例讲解骗术特征与防范方法，落地社区常态化反诈宣传,电信诈骗受害引发居民心理危机,街坊心理服务队上门心理疏导化解轻生隐患；联动公安开展基层骨干反诈培训，落地社区普及宣传、前置防范同类受骗风险,广州市越秀区公安分局反诈中心、“广州街坊・越秀邻里” 社区服务队、街道综治、楼栋长及出租屋管理员,社区联动公安处置诈骗受害心理危机 + 源头反诈宣教的基层治理案例，当事人心理危机化解、后续防范措施落地
GZ_news_026,广州,广州政法,https://www.gzszfw.gov.cn/shzl/content/post_69065,2026-02-10,巧断 “海鲜案”，解纷促和谐！网格驿站里的一场 “破冰” 调解,白云区黄石街马务社区居民徐女士网购海鲜包裹破损变质，向快递驿站工作人员索赔，驿站方认为破损责任在物流方，双方争执产生消费赔偿纠纷；网格员曾伟波巡查发现后，先安抚双方情绪，采用背对背分调方式厘清各环节权责，劝导消费者走官方理赔、驿站配合举证，最终矛盾顺利化解,快递生鲜破损引发消费赔偿纠纷,网格员现场分步骤背对背调解，划分物流、驿站责任，促成驿站配合用户向快递公司正式索赔,广州市白云区黄石街道马务社区、社区网格员,网格员就地化解快递消费纠纷的基层网格治理典型案例，矛盾已办结
GZ_news_027,广州,广州政法,https://www.gzszfw.gov.cn/shzl/content/post_69000,2026-02-02,紧急救援护平安！广州街坊救助晕厥乘客,广州公交集团增 36 路车长陈满堂在执行福和至新塘站营运任务时，遇女乘客突发头晕晕厥、不省人事；陈车长立即将车辆安全停靠，对乘客进行手脚按摩等应急护理缓解症状，在征得车上乘客理解支持后，果断调整营运路线，数分钟内驾驶公交车直达最近的广东省水电医院，全程陪同将乘客送至急诊室，确认乘客得到妥善救治后，才悄然返回车辆继续执行营运任务。,公共交通场景下乘客突发身体不适的应急救助事件,公交司机按应急处置规范，先开展现场应急护理，再调整营运路线紧急送医，全程陪同对接医院完成救助闭环,广州公交集团巴士公司、广东省水电医院,广州街坊（公交司机）应急处置乘客突发健康险情的暖心服务案例，救助全流程闭环完成
GZ_news_028,广州,广州政法,https://www.gzszfw.gov.cn/shzl/content/post_68982,2026-01-28,九小时爱心接力，广州街坊守护棠下学子平安归家,天河区棠下街棠德南社区一名小学生放学后失联，家长与学校搜寻 4 小时无果后报警；社区街坊、辖区派出所、小区物业联动，依托社区群发布寻人启事，组织党员、退役军人、热心居民分片地毯式排查楼栋、天台，历经 9 小时接力搜寻，孩子平安找回,未成年人走失应急搜救处置,公安、社区、物业、热心群众多方联动，线上扩散寻人线索、线下全域分片排查，成功寻回走失孩童,天河区棠下街道棠德南社区、辖区派出所、小区物业、社区党员及热心街坊,群防群治处置儿童走失的基层治理典型案例，人员平安、事项办结
GZ_news_029,广州,广州政法,https://www.gzszfw.gov.cn/shzl/content/post_68976,2026-01-27,头顶有险情？广州街坊发现摇摇欲坠的脱轨雨棚……,番禺区沙头街大平村商铺雨棚铁皮松动翘起，地处人流密集步行街存在高空坠物隐患；街坊巡查发现后立即现场围挡分流行人，商户与房东相互推诿整改责任，工作人员依托出租屋登记系统耗时 3 天联系异地房东，结合民法典相关法规普法劝导，最终房东同意拆除隐患雨棚，6 天后隐患全部整改完毕。,商铺雨棚高空安全隐患整改权责纠纷,街坊先行临时警戒避险，普法厘清房东、商户法定责任，多方沟通促成产权方出资拆除隐患构筑物，现场验收闭环,广州市番禺区沙头街大平村、广州街坊服务队,基层排查化解高空安全隐患、厘清权责整改的社区治理典型案例，安全隐患清零办结
GZ_news_030,广州,广州政法,https://www.gzszfw.gov.cn/shzl/content/post_68980,2026-01-28,亲人失联 6 年，太和镇 “警网楼” 三方联动助团圆！,白云区太和镇市民张小姐求助，其弟弟因家庭矛盾离家失联六年，家人多方寻访无果；太和派出所核查锁定住址但电话无法接通，依托本地 “警网楼” 机制，民警、网格员、楼栋长三方联动核实地址、上门寻人，最终姐弟团聚。,人员长期失联寻人求助纠纷,公安、网格员、楼栋长三方协同核查住址、实地走访，依托基层网格化治理实现失联人员寻回团聚,白云区太和派出所、太和镇营溪村村委会、社区网格员,“警网楼” 基层联动模式化解失联寻亲难题典型案例，寻亲事项办结闭环
GZ_news_031,广州,广州政法,https://www.gzszfw.gov.cn/shzl/content/post_68949,2026-01-22,名牌假包制假售假窝点藏身出租屋？网格员一眼识破！,白云区鹤龙街网格员日常巡查出租屋时，凭借散落名牌包装物料发现疑点，入户查实一处藏匿在出租屋内的假冒名牌皮包制售窝点；网格员现场稳控后上报街道综合行政执法、市监部门，执法人员到场查扣假冒货品并立案查处。,出租屋无证制售假冒商品违法隐患处置,网格员日常巡查摸排发现线索、现场管控，联动市场监管与街道执法部门上门查封窝点、立案查办。,白云区鹤龙街道办、鹤龙街市场监管所、社区网格员、街道综合行政执法队,基层网格巡查排查制假窝点、联动执法消除市场违法隐患典型案例，案件立案办结
GZ_news_032,广州,广州政法,https://www.gzszfw.gov.cn/shzl/content/post_68897,2026-01-12,网格响应 + 邻里互助！广州街坊紧急救助晕倒外卖小哥,荔湾区南源街道和平新村社区一名外卖员配送途中因过度劳累突发晕厥倒地，广州街坊与热心居民第一时间到场分工施救，有人拨打 120、110，有人取用便民点药品急救，依托网格信息联系骑手同事，待医护到场后配合送诊，骑手经救治平安休养,户外人员突发疾病应急救助处置,街坊统筹、邻里分工开展现场急救，同步报警、联系家属与医护，多方协作完成突发伤病救援。,广州市荔湾区南源街道和平新村社区、广州街坊服务队、社区热心居民、辖区医疗机构,网格 + 邻里联动应急救助突发患病群众典型暖心案例，人员获救、事项办结
GZ_news_033,广州,广州政法,https://www.gzszfw.gov.cn/shzl/content/post_68874,2026-01-07,租赁纠纷还闹到法院？网格员暖心调解促和解,白云区太和镇穗丰村房东与租客因宠物损毁床垫、管道堵塞产生房屋租赁赔偿纠纷，双方分歧较大租客提起诉讼；房东求助网格员，工作人员核查合同、普法释法，并对接法庭搭建沟通渠道，促成租客撤诉，就押金退还、财物赔付达成和解，事后网格员回访并指导房东完善租房合同。,房屋租赁财物损失、押金退还民事纠纷,网格员上门核查案情、宣讲租赁相关法规，联动法庭诉前调解，化解涉诉租赁矛盾,白云区太和镇穗丰村村委会、辖区网格员、太和法庭,网格员诉前介入化解租赁诉讼纠纷典型案例，矛盾圆满办结闭环
GZ_news_034,广州,广州政法,https://www.gzszfw.gov.cn/shzl/content/post_68868,2026-01-06,邻里因夜间噪声起隔阂？广州街坊架起 “连心桥” 促握手言和,白云区太和镇联升社区楼下住户因楼上深夜生活噪音影响高三孩子备考产生邻里矛盾，双方自行协商无果；广州街坊联合网格长上门调解，摸清楼上家中多名学生夜间备考、户型隔音差的实际难处，引导双方换位思考，楼上住户承诺加装静音垫、夜间降低声响，邻里达成和解，事后回访确认整改落地，居民送来感谢信致谢,邻里夜间噪音扰民纠纷,街坊 + 网格长上门核实实情、居中疏导调解，促成双方订立降噪约定，后续回访巩固调解成效。,白云区太和镇联升社区、广州街坊服务队、社区网格长,基层调解化解邻里噪音纠纷、构建和睦邻里关系典型案例，矛盾圆满办结
GZ_news_035,广州,广州政法,https://www.gzszfw.gov.cn/shzl/content/post_68850,2025-12-31,幸好有你们！广州街坊联手多方，平安救出遇险孩童,沙河街水荫四横路社区一名孩童身体卡在防盗网遇险，街坊第一时间分工处置，一边拨打 110、120，一边入户托举防护孩子、安抚家属；社区、公安、街道执法到场维持现场秩序，消防出动云梯专业救援、医护现场待命，全程 23 分钟顺利救出孩童，孩子体检无碍平安回家。,孩童被困防盗网突发险情应急救援处置,街坊先期现场防护、报警求援，联动社区、公安、街道、消防、医护多部门协同开展专业救援。,沙河街水荫四横路社区、辖区派出所、街道综合执法队、消防救援、医疗机构、社区热心街坊,邻里 + 多职能部门联动处置儿童遇险事故典型案例，孩童平安获救、事项办结
GZ_news_036,广州,广州政法,https://www.gzszfw.gov.cn/shzl/content/post_68810,2025-12-25,太惊险！广州街坊 10 分钟到场揪出燃气隐患,黄埔区穗东街道夏园有群众反映出租屋弥漫煤气味，街坊快速联动房东、住户、燃气公司赶赴现场，排查发现屋内违规存放 2 瓶满装煤气罐、明令淘汰直排式热水器及老化阀门；现场科普用气安全，燃气工作人员转运气瓶、拆除隐患热水器、更换故障闸阀，及时消除重大燃气安全风险,出租屋违规用气带来的燃气安全隐患排查整改,街坊接报快速联动产权方与燃气专业单位，现场排查、安全整改 + 用气科普，依托街道常态化燃气排查机制闭环处置隐患。,黄埔区穗东街道、夏园社区、广州街坊服务队、燃气公司,基层网格快速处置出租屋重大燃气隐患、筑牢居家安全防线典型案例，隐患整改闭环办结
GZ_news_037,广州,广州政法,https://www.gzszfw.gov.cn/shzl/content/post_68777,2025-12-19,路遇群众受伤，广州街坊果断出手高效救援,花都区公益路发生电动车碰撞事故，骑手倒地受伤；广州街坊抵达现场后布设警示标识、疏导车流防范二次事故，开展现场急救处置，同步拨打 120，配合医护交接伤者送医救治，依托街道平急结合基层应急机制高效完成救援,道路交通事故伤员现场应急救助处置,街坊现场秩序管控 + 院前急救，联动 120 医疗机构闭环转运伤员。,花城街道、广州街坊服务队、辖区医疗机构,基层最小应急单元实战处置道路受伤险情典型案例，伤员顺利送医、事项办结
GZ_news_038,广州,广州政法,https://www.gzszfw.gov.cn/shzl/content/post_68770.,2025-12-19,真险！租客出门高压锅忘关火，网格员 “嗅” 出险情速解危机,棠景街网格员日常巡查时闻到焦糊异味、发现住户窗户冒烟，联系屋主开门进屋，关停燃气总阀、开窗通风，将冒烟高压锅转移至天台空旷区域处置，及时化解厨房起火隐患，无人员伤亡与财产损失；街道依托网格化闭环巡查机制常态化排查居家安全隐患,出租屋居家用火用气消防隐患应急处置,网格员巡查发现险情，联系产权人入户，现场关停气源、通风、转移危险源，闭环消除火情隐患,白云区棠景街道、社区网格工作站,基层网格巡查前置化解出租屋消防险情、筑牢居家安全防线典型案例，隐患清零办结
GZ_news_039,广州,广州政法,https://www.gzszfw.gov.cn/shzl/content/post_68736,2025-12-15,女子上厕所意外被狗咬伤，网格员出手定分止争,白云区太和镇邓女士如厕时被未拴绳犬只咬伤，接种狂犬疫苗、破伤风疫苗合计医药费 2541.75 元，因赔偿分歧求助网格员；网格员核验病历票据、约双方到综治中心调解，结合养犬法规厘清饲养人主要责任，最终狗主赔付 2000 元，纠纷圆满化解,犬只伤人引发的人身损害赔偿邻里纠纷,网格员核查就医凭证、普法释法，组织双方面对面协商，达成赔付和解协议,白云区太和镇综治、社区网格员,基层网格依法调处养犬伤人赔偿纠纷、规范文明养犬宣传引导典型案例，纠纷办结
GZ_news_040,广州,广州政法,https://www.gzszfw.gov.cn/shzl/content/post_68550.html,2025-11-17,拆除 “浴室杀手”！网格员为独居老人破解更换热水器难题,白云区太和镇网格员入户巡查时，发现独居老人出租房私装直排式燃气热水器，存在一氧化碳中毒重大隐患；网格员科普安全隐患危害，协调房东拆除违规设备、采购合规电热水器并上门安装，彻底消除消防安全隐患。,出租屋违规热水器消防安全隐患整治 + 独居老人生活帮扶,网格员安全宣教，联动房东拆改隐患器具、落实合规热水器换装，闭环消除隐患。,白云区太和镇、营溪村社区网格员,网格排查整治出租屋燃气隐患、贴心帮扶独居住户典型案例，隐患整改完毕
GZ_news_041,广州,广州政法,https://www.gzszfw.gov.cn/shzl/content/post_68518.html,2025-11-12,拆公共栏杆卖废谋私利？最小应急单元协助派出所擒获嫌疑人,白云区鹤龙街尹边社区接群众举报有人偷盗道路隔离护栏变卖牟利，街道最小应急单元队员现场巡查锁定可疑人员，分组看守嫌疑人、摸排周边废品站起获赃物，固定证据后将涉案人员与赃物移交鹤龙派出所处置，挽回公共财产损失。,偷盗市政公共设施治安案件协同处置,最小应急单元接报现场布控、溯源追查赃物，联动公安部门抓捕嫌疑人、移交办案。,白云区鹤龙街道最小应急单元、鹤龙派出所,基层最小应急单元联动公安破获偷盗公共设施案件、守护市政财产典型案例，案件移交公安侦办
GZ_news_042,广州,广州政法,https://www.gzszfw.gov.cn/shzl/content/post_68423.html,2025-10-30,3 岁女童走失街头，最小应急单元 20 分钟助其回归家园！,白云区金沙街横沙村最小应急单元巡逻发现独自啼哭走失幼童，启动村 - 街 - 警三方联动机制，安置安抚孩童、调取监控溯源，20 分钟联络上女童母亲并平安交还孩子，同步开展看护安全提醒。,未成年人走失寻人应急处置,最小应急单元现场看护，联动街道、派出所，依托监控系统快速寻获家属，闭环妥善安置走失儿童。,白云区金沙街道、横沙村最小应急单元、辖区派出所,基层最小应急单元高效处置孩童走失险情、守护未成年人安全典型案例，事件圆满办结
GZ_news_043,广州,广州政法,https://www.gzszfw.gov.cn/shzl/content/post_68303.html,2025-10-16,企业遭恶意索赔 “碰瓷”，南沙市场监管硬核护航获点赞,南沙横沥镇企业遭遇职业打假人恶意高额索赔、舆论胁迫，区市场监管局跨区域协查核查企业生产资质，查实企业无违规，依法作出不予立案决定，帮企业规避经济与商誉损失，同步开展合规培训防范同类纠纷,职业恶意索赔涉企营商纠纷,市场监管部门实地核查、跨地协查取证，依法定性驳回恶意投诉，普法助企完善风控。,广州市南沙区市场监督管理局,监管部门依规化解职业碰瓷索赔、优化营商环境助企纾困典型案例，事件办结
GZ_news_044,广州,广州政法,https://www.gzszfw.gov.cn/shzl/content/post_68170.html,2025-09-23,污水倒灌损家当！网格员化身 “和事佬” 速解民忧,白云区金沙街顶楼业主清理天台积水排水过快、管道堵塞致污水倒灌楼下住户家中，家具家电泡水受损，双方因赔偿分歧僵持；网格员实地取证、共情调解，普法讲理促成屋主与受损住户敲定维修赔付方案，邻里财产纠纷妥善化解。,楼上排水致楼下财物受损邻里赔偿纠纷,网格员现场勘查留存受损凭证，分步骤疏导双方情绪、释法明理，协商确定赔付细则。,白云区金沙街道横沙社区网格员,基层网格就地调处涉水邻里财产纠纷、化解民生矛盾典型案例，纠纷办结
GZ_news_045,广州,广州政法,https://www.gzszfw.gov.cn/shzl/content/post_68111.html,2025-09-11,男子砸车窗车内纵火！最小应急单元紧急处置扑灭火情,白云湖街唐阁社区凌晨有人持榔头砸车、车内纵火，最小应急单元监控发现险情后迅速集结，分工警戒疏散群众、当场控制纵火嫌疑人，同步使用灭火器扑灭车内明火，后续移交派出所立案侦办，消除车辆起火爆炸安全隐患。,恶意纵火治安刑事案件前置应急处置,最小应急单元视频预警、就近集结，现场控人、灭火、封控警戒，固定证据移送公安,白云区白云湖街道最小应急单元、属地派出所,基层最小应急单元快速处置纵火险情、防范重大安全事故典型案例，案件移交公安侦办
GZ_news_046,广州,南沙政法,https://www.gzszfw.gov.cn/shzl/content/post_68110.html,2025-09-11,半夜快递点夺车扣货！镇里面给 “抢” 回来了,南沙东涌镇物流企业承运车辆因承租方拖欠租车款，承运方连夜将满载 8000 余件、货值百万快递货品货车开走扣押至佛山，企业面临高额赔付风险；东涌镇联合公安、司法所组建跨区域攻坚调解组，赴佛山采用当面释法 + 背靠背调解模式，敲定欠款分期偿付方案，承运方全数返还被扣快件，企业顺利履约派送。,物流租车欠款引发货物跨区域扣押商事邻里纠纷,镇综治 + 公安 + 司法跨地市联动，多元调解厘清债权，分置债务与货物返还事项,南沙区东涌镇综治办、鱼窝头派出所、司法所、佛山属地政法部门,跨区域联动化解涉企大额货物扣押纠纷、优化营商环境助企纾困典型案例，纠纷办结
GZ_news_047,广州,白云政法,https://www.gzszfw.gov.cn/shzl/content/post_68103.html,2025-09-10,女孩躲小巷哭泣，网格员暖心出手相助,白云区云城街网格员日常巡查时发现一名因家庭争执赌气离家、独自在小巷落泪的未成年女孩，网格员耐心安抚疏导情绪，依托综治平台核查联络家属，全程陪护孩子直至家属赶来，同步叮嘱监护人注重亲子沟通、优化家庭教育，妥善化解未成年人离家出走隐患。,家庭亲子矛盾引发未成年人走失求助类民生纠纷,网格巡查发现隐患、心理安抚稳控、联动平台寻亲、事后普法叮嘱家长。,白云区云城街道社区网格员,网格前置巡查关爱未成年人、源头化解家庭矛盾隐患典型案例，事件妥善办结
GZ_news_048,广州,白云政法,https://www.gzszfw.gov.cn/shzl/content/post_68089.html,2025-09-09,租客租赁合同到期拒不搬离？“警网联动” 上门解纷获锦旗！,白云区棠景街屋主陈女士出租房租期届满，租客拖欠房租水电、拒不腾房还无理索要搬迁补偿、骚扰邻里；网格员初次上门调解未果后启动警网联动，社区民警联合网格员普法释规，明确法律权责、告知违法后果，租客限期搬离，纠纷圆满化解，业主送来锦旗致谢。,房屋租赁合同到期腾房邻里经济纠纷,网格员前端摸排调解 + 民警联动普法告诫，警网联合化解租赁矛盾。,白云区棠景街道网格员、棠景派出所,警网联动高效处置租房履约纠纷、源头化解涉房民生隐患典型案例，纠纷办结
GZ_news_049,广州,白云政法,https://www.gzszfw.gov.cn/shzl/content/post_68088.html,2025-09-09,男子突然出手伤人！最小应急单元迅速出手制止,白云区钟落潭镇乌溪村商超内，一名精神障碍男子持手电无故殴打顾客致人员受伤；群众报警后，属地最小应急单元火速到场，分工疏散围观群众、配合民警稳妥控制肇事人员，后续联动医疗机构、家属送肇事人入院诊治，及时消除公共场所安全隐患。,公共场所突发肇事伤人应急处置事件,最小应急单元 + 公安联动，现场封控疏散、控制行为人，对接医疗机构收治精神患者。,白云区钟落潭镇乌溪村最小应急单元、属地派出所,最小应急单元快速处置公共场所突发伤人险情、筑牢村居安防防线典型案例，事件处置完毕
GZ_news_050,广州,白云政法,https://www.gzszfw.gov.cn/shzl/content/post_67936.html,2025-08-25,宠物损坏出租屋设施引纠纷？综治中心出手 30 分钟高效化解！,同和街金湖社区租客饲养宠物造成出租屋地板、沙发损毁，租期届满后房东从 8000 元押金里索要维修费产生分歧；同和街综治中心联合司法所依托民法典相关法条开展调解，双方商定扣除 1000 元维修费用，房东当场退还 7000 元押金，全程仅半小时圆满化解租房财产纠纷。,宠物致房屋损毁引发租房押金经济纠纷,综治 + 司法联合一站式调处，普法释法、折中协商敲定赔付金额。,白云区同和街道综治中心、同和司法所,践行枫桥经验、一站式快速化解租房民生纠纷典型案例，矛盾办结
GZ_news_051,广州,白云政法,https://www.gzszfw.gov.cn/shzl/index_17.html,2025-08-14,闪电出击！最小应急单元 5 分钟精准缉拿在逃人员,白云区石井街庆丰联社最小应急单元夜间巡逻时收到警务协查指令，通缉在逃嫌疑人藏匿于万民夜市片区；队员依托终端体貌信息网格化搜查，5 分钟锁定并稳妥控制在逃人员，依规移交派出所民警，高效保全夜市治安秩序。,协助抓捕在逃人员治安协查处置事项,最小应急单元接警快速布控、网格搜捕，现场控制后移交属地公安,白云区石井街庆丰联社最小应急单元、石井派出所,最小应急单元快速响应、联动公安抓获在逃嫌犯，夯实夜间巡防安防典型案例，事件办结
GZ_news_052,广州,白云政法,https://www.gzszfw.gov.cn/shzl/content/post_67724.html,2025-07-30,小区粪池污水横流！社区网格长牵头攻坚解民忧获点赞,家住广州市白云区棠景街祥岗社区新苑小区的居民受化粪池管道堵塞困扰，粪水漫溢路面、异味扰民；该楼栋属老旧小区无专项维修基金，网格长冯树敏接居民诉求后现场核查，牵头组织物管、楼栋长召开居民楼栋议事会，多方协商敲定整改方案，施工队伍通过高压水枪冲洗管道、人工清理淤泥、更换破损管道的施工方式，清运堵塞污物约 1 吨，彻底疏通排污管道，污水横流问题办结。本次处置依托棠景街 “网格长 + 网格员 + 网格‘五长’” 网格化联动机制，后续街道将加密网格巡查频次，常态化处置居民急难愁盼。,老旧小区化粪池管道堵塞邻里民生矛盾,网格长牵头，组织物管、楼栋长开楼栋议事会协商筹资，施工队伍高压冲洗管道 + 人工清淤 + 更换破损管道,广州市白云区棠景街祥岗社区居委会、棠景街道网格工作站,依托 “网格长 + 网格员 + 网格五长” 基层网格化治理化解老旧小区物业配套难题典型案例，矛盾已全部办结
GZ_news_053,广州,广州政法,https://www.gzszfw.gov.cn/shzl/content/post_67676.html,2025-07-23,网络购物遇 “消失的卖家”？综治中心介入架起 “维权桥梁”,消费者网购二手手机付款后卖家失联，大源街综治中心联动司法所、村委上门协调，促成卖家全额退还 1500 元货款，顺利化解网购消费纠纷。,网购消费经济纠纷,综治中心联动司法所、村委上门寻访，组织双方线下调解促成退款,广州市白云区大源街综治中心、大源司法所、大源村委会,践行枫桥经验化解网络消费纠纷典型基层治理案例，钱款全额追回、矛盾办结
GZ_news_054,广州,南沙政法,https://www.gzszfw.gov.cn/shzl/content/post_67608.html,2025-07-14,连续工作 8 小时休息 3 分钟被辞退？法院：违法！,南沙门店店长超长工时后短暂休息被公司辞退，员工提起仲裁与诉讼，法院认定企业解约违法，判令公司赔付工资差额、住房补贴及赔偿金。,企业用工劳资经济纠纷,员工申请劳动仲裁，不服仲裁结果起诉至法院，通过司法诉讼维权获赔,广州市南沙区人民法院、劳动人事争议仲裁委员会,基层劳动权益保障典型司法案例，纠纷经诉讼全流程办结，劳动者胜诉获赔
GZ_news_055,广州,白云政法,https://www.gzszfw.gov.cn/shzl/content/post_67592.html,2025-07-11,退房卫生不达标，押金不退？网格员主动服务化解租房纠纷,租客退租遭房东以卫生不合格拒退 1200 元押金，租客离穗后求助网格员，网格员上门代为打扫，促成房东全额退还押金。,房屋租赁押金经济纠纷,网格员实地核查、多方沟通，代为打扫房屋促成押金返还,广州市白云区云城街综合事务中心、得朋社区居委会,网格员就地化解出租屋租赁矛盾典型基层治理案例，钱款全额退回、纠纷办结
GZ_news_056,广州,广州政法,https://www.gzszfw.gov.cn/shzl/content/post_68718.html,2025-12-11,粪池污水外溢 “堵” 民心！网格员 “搭台” 速解下水道难题,白云区同和街楼栋排污管道堵塞，粪水外溢扰民，因涉及 8 栋住户产权复杂协调难；网格员联动城管、经社、居委会，建微信群协商方案，施工疏通管网，彻底解决污水外溢问题。,老旧楼栋排污设施扰民邻里民生矛盾,网格员上报职能部门，联合村居多方会商敲定方案，全程跟进施工整改,广州市白云区同和街道办、何屋社区居委会、何屋经济社,依托网格联动多部门化解老旧小区排污难题典型基层治理案例，隐患彻底整改、矛盾办结
GZ_news_057,广州,白云政法,https://www.gzszfw.gov.cn/shzl/content/post_68666.html,2025-12-03,装修尾款要不回？最小应急单元出手速解纠纷获点赞,均禾街店铺装修完工后，店主以施工瑕疵、工期延误拒付近 2 万元尾款，双方争执不下；平沙治保会介入普法调解，敲定店主付 1.5 万、师傅限期维修瑕疵，纠纷办结。,装修工程款尾款经济纠纷,治保会调解员分开双方疏导情绪，核对合同法条、协商折中履约方案,广州市白云区均禾街平沙治保会,基层最小应急单元就地化解商事民生欠款纠纷典型案例，双方签约履约、矛盾闭环解决
GZ_news_058,广州,白云政法,https://www.gzszfw.gov.cn/shzl/content/post_68598.html,2025-11-21,街坊变身 “调解员”，灵活化解出租屋押金退还纠纷！,租客租期届满索要 2600 元退租押金，房东身在外地提议延后一月退款，租客因资金紧缺要求当场结清，双方僵持；网格员背靠背分开调解，敲定房东当日线上全退押金、一月返穗再共同验房，纠纷办结。,房屋租赁押金退还经济纠纷,网格员分时段单独沟通双方，折中拟定 “先退押金、后查验房屋” 处置方案,广州市白云区云城街萧岗花园社区网格工作站,基层网格员就地调处租房押金典型案例，兼顾双方诉求、矛盾闭环化解
GZ_news_059,广州,平安黄埔,https://www.gzszfw.gov.cn/shzl/content/post_68569.html,2025-11-19,云埔街：警网融合护老小，碰撞纠纷巧化解,孩童玩滑板撞伤七旬老人，老人多次复诊后双方因医疗费赔付金额产生分歧；街道组建民警 + 网格员 + 律师调处小组，依法厘清责任，敲定监护人承担医药费、登门探望并支付慰问金，协议按期履行。,人身损害赔偿邻里民生纠纷,警网多主体联合调处，民警释法定责、网格员情绪疏导、律师核算医药费，拟定折中赔付方案,广州市黄埔区云埔街道办、辖区社区,警网联动多元调处人身损害纠纷典型案例，协议落地、矛盾闭环化解
GZ_news_060,广州,金羊网,https://news.ycwb.com/ikimvkntim/content_54141214.htm,2026-05-26,买到劣质二手商品，确认收货后还能申请退款吗？法院：全额退款！,买家花费 2450 元网购二手机，收货检出隐蔽故障，卖家以已确认收货拒退、平台小法庭驳回诉求；买家起诉至广州互联网法院，法院认定瑕疵为交货前固有，判令卖家全额退款、买家退回货品。,二手网购消费买卖合同经济纠纷,法院依据《民法典》核验举证，识破虚假验货视频，厘清隐蔽瑕疵责任，否定 “确认收货即免责” 的商家抗辩。,广州互联网法院,二手电商消费纠纷司法调处典型案例，明确二手商品质量担保规则。
GZ_news_061,广州,金羊网,https://news.ycwb.com/ikimvkntih/content_54135589.htm,2026-05-23,记者帮｜小新塘回迁房加装围栏阻 “电鸡” 进小区，居民质疑阻塞生命通道，记者实探：围栏可活动,天河小新塘回迁小区物业设围栏禁电动车入楼栋，业主质疑围挡堵塞消防生命通道引发邻里物业矛盾；记者实地核查，确认围栏可拆装、应急可全开，物业同步规划电动车外迁分流方案，化解业主顾虑。,小区物业设施改造引发邻里与物业消防纠纷,实地勘验围栏构造，现场演示可移动属性，公示后续车辆分流整改计划，消除居民消防隐患担忧,广州市天河区小新塘回迁小区、保利物业,回迁小区电动车管控矛盾实地调处典型案例，就地化解消防通道争议
GZ_news_062,广州,金羊网,https://news.ycwb.com/ikimvkntii/content_54134288.htm,2026-05-22,“喜点狮” 在广州仅剩一家门店，消费者：需要开车 1 小时跨区消费；店家回应：可办退款,糕点连锁喜点狮番禺门店到期闭店，广州仅留存黄埔单店，持卡消费者需长途跨区消费引发预付卡消费纠纷；品牌方经记者协调，开放公众号、商场对接、客服热线等多渠道会员卡余额退款通道。,预付卡储值消费经济纠纷,记者实地走访门店、对接品牌法定代表人与商场，督促商家出台多元退款方案，化解持卡客群退费难题。,广州喜点狮品牌管理有限公司、番禺永旺商场,连锁闭店预付卡退费消费纠纷就地调处典型案例
GZ_news_063,广州,金羊网,https://news.ycwb.com/ikimvkntik/content_54130235.htm,2026-05-20,78 岁老人 5 次被困电梯！两部梯同时停工，电梯屡修屡坏，维修更换推进难,天河嘉尚国际公寓 89 号楼两部老旧电梯故障频发，一部长期停运、另一部频繁困人，高龄业主多次遇险；业主与物业因维保不力、换梯资金分摊、招标存疑产生邻里物业纠纷，维保公司过往存在维保违规行政处罚记录。,小区电梯维保 + 物业邻里纠纷,1. 属地市场监管局协调第三方机构进场电梯安全检测；2. 物业安排维保单位全面排查故障、临时抢修；3. 督促物业规范换梯项目，妥善协调高低层业主分摊费用、化解招标质疑；4. 跟进老旧电梯更新改造落地。,广东嘉尚物业服务有限公司、广州屋帝电梯工程服务有限公司、天河区市场监督管理局、嘉尚国际公寓 89 号楼业主,老旧住宅电梯故障民生调处典型案例
GZ_news_064,广州,金羊网,https://news.ycwb.com/ikimvkntik/content_54130117.htm,2026-05-20,广州一单亲妈妈抚养三个孩子，遭前夫威胁、恐吓、跟踪，法官出手了！,男女双方协议离婚后，男方以复婚为由持续跟踪、微信恐吓、街头骚扰独自抚育三名子女的女方，此前男方已因骚扰被公安行政拘留，受害女方诉讼能力薄弱、不敢自行维权，引发婚姻人身侵权家事纠纷。,离婚后人身安全、家事侵权纠纷,1. 法检联动，检察院出具支持起诉意见书协助当事人固定证据、完善诉讼材料；2. 法院依法签发人身安全保护令，明令禁止男方骚扰、跟踪、恐吓女方；3. 裁判后法院联合检察院常态化回访，跟进保护令落地执行、持续提供法律帮扶，构建全流程司法保护闭环。,广州市白云区人民法院、白云区人民检察院、白云公安分局,离婚后反家暴人身安全保护、法检联动家事调解典型案例
GZ_news_065,广州,金羊网,https://news.ycwb.com/ikimvkntjb/content_54127805.htm,2026-05-19,遗产按村规 “传男不传女”？儿子得父亲财产后翻脸不管妈，母亲这样立遗嘱,受乡村老旧习俗 “传男不传女” 影响，长子独占父亲全部遗产，拿到财产后拒不履行赡养母亲义务、借机管控老人名下房产，母女与儿子产生遗产继承、赡养双重家事纠纷。,遗产继承 + 赡养家事纠纷,1. 老人前往专业遗嘱订立机构订立有效遗嘱，约定身故后财产儿女均分，破除旧式村规陋习；2. 同步办理意定监护，指定女儿为失能后的监护人，防范儿子后续恶意转移财产；3. 普法纠正 “传男不传女” 违规继承观念，指导当事人依法维权。,中华遗嘱库广州越秀分库、属地村居,破除传统陋习、遗嘱 + 意定监护化解赡养遗产纠纷典型案例
GZ_news_066,广州,羊城晚报,https://news.ycwb.com/ikimvkntjc/content_54126256.htm,2026-05-18,广州退休阿姨投入 5 万元养老钱牵出惊天诈骗案！覆盖全国数百人，非法募集资金 1.75 亿元，主犯获刑 14 年,不法团伙借国学授课、电影投资名义，许诺固定年化 8% 保本付息，诱导退休老人投入养老资金，构成非法集资，受害投资人与犯罪主体产生投资理财经济纠纷，涉案遍布全国数百人。,养老理财非法集资经济纠纷,1. 民事法官审理系列合同纠纷时发现涉刑线索，依法驳回起诉并移送公安立案侦查；2. 检察机关固定全案证据、提起公诉；3. 法院以非法吸收公众存款罪判处主犯 14 年有期徒刑，追缴涉案赃款，向受害老人发还退赔款；4. 以案开展养老反诈普法，警示高息保本投资陷阱。,番禺区人民法院、广州市中院、属地公安、检察机关,民刑衔接、养老非法集资维权典型案例
GZ_news_067,广州,羊城晚报,https://news.ycwb.com/ikimvkntjn/content_54120768.htm,2026-05-15,官方回应 “广州一网红粥店后厨员工用扫把洗锅”：情况属实，已立案调查，该店已自行停业整顿,越秀网红餐饮门店禄粥（五羊邨店）后厨混用扫地扫把清洗烹饪铁锅，食品操作严重不合规范，侵害消费者食品安全权益，引发食品安全消费纠纷。,食品安全消费纠纷,1. 市场监管部门现场核查属实，依法立案查处，抽检门店餐具；2. 责令涉事商家自主停业整改，整改验收合格后方可复工；3. 开展餐饮行业食品安全普法，督促商户完善后厨管理制度；4. 畅通消费者投诉维权渠道。,广州市越秀区市场监督管理局、涉事网红粥铺,网红餐饮后厨违规、食品安全监管调处典型案例
GZ_news_068,广州,金羊网,https://news.ycwb.com/ikimvkntji/content_54114948.htm,2026-05-12,追踪｜隔壁公房修缮自家漏水无人理，记者帮推动安居公司主动约见私房业主,三楼公房管护方安居公司施工修缮引发相邻二楼私房漏水，共用自来水管锈蚀渗水，安居公司前期推诿拒维修，私房业主与公房管理方产生相邻权财产侵权邻里纠纷。,相邻权、房屋漏水邻里纠纷,1. 业主多次交涉未果后媒体介入，同步对接属地街道；2. 街道牵头协调，安居公司变更态度，约定上门实地勘查；3. 双方协商天花板修缮、共用自来水管更换方案及费用分摊事宜。,广州安居住房置业有限公司、私房业主刘叔、属地素社街道,公房施工致邻房渗水、媒体 + 街道联动调处邻里漏水典型案例
GZ_news_069,广州,金羊网,https://news.ycwb.com/ikimvkntji/content_54114737.htm,2026-05-12,回收剩菜再利用，广州一火锅店吃罚单！,涉事火锅店为压缩成本，回收顾客剩余生鲜食材，简易加工后混入新食材二次售卖，违反食品安全法规，侵害消费者饮食安全权益，引发食品安全消费纠纷。,食品安全消费纠纷,1. 市场监管部门依托群众投诉线索立案核查；2. 依法作出没收违法所得 147.5 元、罚款 1 万元行政处罚，责令立即整改；3. 市场监管部门开展行业普法，公示违规案例，公布 12345 投诉维权渠道。,白云区市场监督管理局、涉事火锅店,餐饮回收剩菜二次加工、食品安全监管查处典型案例
GZ_news_070,广州,金羊网,https://news.ycwb.com/ikimvkntjj/content_54113121.htm,2026-05-11,男子谎称有 “内部渠道” 可代购演唱会门票，诈骗 35 人共 37 万余元获刑,行为人许某某虚构内部票务代购资质，以代抢演唱会门票、周边、工作证为名收取 35 名被害人钱款 37 万余元，资金用于赌博与日常开销，引发票务代购诈骗财产纠纷。,票务代购诈骗、财产经济纠纷,1. 嫌疑人主动投案，公安立案侦查；2. 一审法院以诈骗罪判处其有期徒刑三年六个月并罚金 3 万元，判令追缴涉案赃款返还受害人，不足部分责令退赔；3. 被告人上诉，二审驳回维持原判；4. 法院以案普法，警示粉丝通过官方渠道购票、防范私下票务诈骗。,南沙区人民法院、办案公安、35 名受害购票消费者、诈骗行为人许某某,演唱会票务民间代购诈骗刑事 + 民事追赃典型案例
GZ_news_071,广州,广州政法,https://www.gzszfw.gov.cn/fzgz/content/post_58125.html,2023-07-07,互换宅基地多年后反悔，亲兄弟对簿公堂,亲兄弟早年口头互换农村宅基地并实际建房使用，后续补签书面互换协议，一方因心理失衡反悔，起诉主张协议无效、返还地块，引发农村宅基地权属家事纠纷。,农村宅基地互换权属家事纠纷,1. 花都法院一审认定互换协议合法有效，驳回原告诉请；2. 原告上诉，广州中院二审维持原判；3. 以案普法，明确同村村民宅基地互换未过户不影响合同效力，恪守诚实信用原则。,花都区人民法院、广州市中级人民法院、涉案兄弟二人,同村村民宅基地互换反悔、两级法院审理典型案例
GZ_news_072,广州,广州政法,https://mp.weixin.qq.com/s/pHAXda0z0ms4iCHlDh2fYA,2025-03-31,巧解鱼塘纠纷 “连环扣”,2023 年 12 月龙穴孖沙一涌水窦闸封闭施工，未提前通知 8 名鱼塘耕户，导致 467.7 亩鱼塘无法正常进排水、水质变差，水产品大量死亡，耕户多次投诉要求解决进排水及损失赔偿，引发施工侵权与养殖损失纠纷广州政法网,施工侵权、养殖损失财产纠纷,1. 龙穴街道综治中心搭建协商平台，安抚群众情绪、组织多方沟通；2. 多次现场走访核实情况，按 “三到位一处理” 原则推进化解；3. 研究制定一次性补偿方案，专人沟通争取理解；4.2024 年 11 月 15 日 8 名耕户全部签订协议书，矛盾实质性化解；5. 事后回访，耕户认可处置结果广州政法网,南沙区龙穴街道综治中心、8 名鱼塘耕户、相关施工及管理单位,南沙龙穴街道综治中心一站式化解鱼塘施工侵权损失典型案例
GZ_news_073,广州,白云政法,https://www.gzszfw.gov.cn/shzl/content/post_62786.html,2024-03-14,邻里间因地界产生矛盾，网格员这样调解,包含两起邻里纠纷：1. 一方建房挖地基挖到邻居墙角，因地界争执；2. 老人误以为邻人围墙占道影响通行产生矛盾，两处宅基地巷道邻里纠纷经村居网格员介入调处。,农村宅基地地界邻里纠纷,1. 网格员现场到场，分别劝导双方换位思考、邻里互谅；2. 第一起纠纷约定施工方停工并复原巷道，签订调解协议；3. 第二起核实围墙多年原状未占道，联动家属劝解老人，双方和解。,白云区钟落潭镇网格员、村调委会、涉案四名村民,农村宅基地巷道地界网格员就地调解典型案例
GZ_news_074,广州,平安广州,https://www.gzszfw.gov.cn/pagz/content/post_63439.html,2024-04-22,网红果树幼苗被盗，窃贼竟是为了尝新,两名家境优渥人员因观看直播猎奇新品种果树，先后三次潜入农户果园偷盗名贵果苗，涉案损失超 2 万元，农户报警后警方循监控抓获嫌疑人，涉案苗木全数追回。,财产盗窃侵权纠纷,1. 农户两次失窃后加装监控锁定作案电动车线索；2. 民警实地摸排，在嫌疑人家中空地查获被盗栽种果苗；3. 两名嫌疑人归案、一人自首，被盗果苗全部返还被害人；4. 依法对行为人刑事拘留，以案普法警示猎奇盗窃违法。,增城公安增江派出所、果园经营者、两名盗窃行为人,猎奇偷盗果树苗木刑事调处普法典型案例
GZ_news_075,广州,白云政法,https://www.gzszfw.gov.cn/shzl/content/post_58582.html,2023-05-29,五金厂臭味扰民，网格员为居民破解 “开窗难”,居民投诉小区后侧五金厂直排粉尘废气，异味刺鼻污染空气，住户常年无法开窗通风，引发工厂污染扰民相邻纠纷。,环境污染邻里相邻纠纷,1. 网格员现场核查查实企业无环保除尘设施、违规直排粉尘；2. 对接街道环保办现场勘查评估；3. 向涉事工厂下达整改通知书，责令停产整改、加装环保滤芯、错峰生产降噪；4. 企业按期完成整改，废气异味扰民问题消除。,白云区嘉禾街网格中心、街道环保办、涉事五金加工厂、投诉居民,工业废气粉尘扰民网格联动整改调解典型案例
GZ_news_076,广州,金羊网,https://news.ycwb.com/ikimvkmtki/content_54152526.htm,2026-06-02,还原一场“生命奇迹”：11岁男孩、13天、1000多人次与找到底的坚持,11 岁男孩 5 月 18 日在肇庆怀集深山走失，多方千余人次历时 13 天搜救，受雨天密林影响搜寻艰难，采药人发现孩童裤子获得线索，第 13 天搜救警犬找到被困孩童，孩子靠野果雨水存活获救。,孩童深山走失遇险、山区环境恶劣加大搜救难度,公安统筹，警犬 + 无人机空中地面协同，干部群众全员进山持续搜寻，依托遗留衣物缩小搜救范围,省公安厅刑侦总队、肇庆市县公安、乡镇村委、护林员、当地群众,
GZ_news_077,广州,广州政法,https://www.gzszfw.gov.cn/pagz/content/post_69624.html,2026-06-02,花钱就能 “捞人”？广州南沙警方揭穿骗局 抓获诈骗嫌疑人,稿件开篇提及南沙警方破获花钱捞人诈骗案件；主体内容为天河区海月路爱乐幼儿园小朋友在老师陪同下到访猎德派出所，送上手工锦旗（超级英雄 出警平安）、平安主题手绘、祈福布袋、平安小木锤等手作礼物致敬民辅警。民辅警被孩童真诚祝福深深打动，锦旗悬挂在所内醒目位置；,警民互动无矛盾，为暖心警民共建内容,警民方面：民警珍藏孩童礼物，以日常履职守护群众平安，深化警校共建,广州天河公安（猎德派出所）、广州南沙公安分局、天河爱乐幼儿园,
GZ_news_078,广州,金羊网,https://news.ycwb.com/ikimvkmtki/content_54152534.htm,2026-06-02,这个 “六一”，广东送小朋友们一首歌,六一当天，多部门联合发布新编粤语童谣《龙船飞万里》，改编自老牌广府童谣，融入龙舟精神、岭南非遗，曲风融合粤剧、说唱等新潮元素；,文化惠民、非遗传承类正面报道）,以原创童谣 + MV 形式活化传统民俗，分语种迭代推广，推动岭南文化进校园落地。,共青团广东省委、广东粤剧院、共青团广州市委、广东省青少年发展基金会,
GZ_news_079,广州,广州政法网,https://link.wtturl.cn/?target=https%3A%2F%2Fwww.gzszfw.gov.cn%2Ffzgz%2Fcontent%2Fpost_69601.html&scene=im&aid=497858&lang=zh,2026-05-26,二手商品 “售出不退”，法院怎么判？,2025 年买家小王花费 2450 元网购二手游戏机，收货后设备绿屏无法使用，售后检测查出主板故障；卖家小李以确认收货、提前视频验货为由拒退货款并拉黑买家，平台小法庭驳回投诉。小王起诉后，广州互联网法院认定故障为交付前隐蔽瑕疵，判令解除合同、卖家全额退款、买家退回游戏机。法官明确：二手商品不能单方约定售出不退，视频验货、平台确认收货均不能免除卖家质量担保义务，平台裁定不具备司法效力。文末向买卖双方发布二手交易风险提示。,买卖合同质量纠纷,司法途径：法院依据《民法典》判决解约退款，否定卖家 “售出不退” 单方免责条款；2. 事前防范：买家留存聊天、开箱、检测凭证，优先平台担保交易；卖家如实披露瑕疵、规范履约。,广州互联网法院,
GZ_news_080,广州,金羊网,https://link.wtturl.cn/?target=https%3A%2F%2Fnews.ycwb.com%2Fikimvkmtki%2Fcontent_54154356.htm&scene=im&aid=497858&lang=zh,2026-06-02,广东警方三天查处三类车交通违法 9541 起，刑拘 8 人,广东公安开展 “除险 3 号” 专项整治，严查大客车、面包车、大货车 “三超一疲劳” 违法行为；行动 3 天累计查处违法 9541 起（面包车超员 163 宗），刑拘 8 人、行政拘留 17 人、刑事立案 9 宗，36 起非法营运移交交通部门。,道路交通违法纠纷,全省专项整治，现场查处 + 源头管控，对严重违法人员采取刑拘、行政拘留、罚款记分等处罚；非法营运移送交通部门处置；2. 普法警示，引导驾驶员守法、群众抵制违规营运车辆，鼓励举报违法。,广东省公安厅、肇庆公安、深圳公安、惠州公安、交通运输部门,
GZ_news_081,广州,广州政法网,https://link.wtturl.cn/?target=https%3A%2F%2Fwww.gzszfw.gov.cn%2Ffzgz%2Fcontent%2Fpost_69583.html&scene=im&aid=497858&lang=zh,2026-05-21,是 “天赐良缘” 还是 “诈骗陷阱”？,聂某等人注册公司组建诈骗团伙，业务员伪装白富美网恋，以赠送礼品为由诱导受害者高价采购劣质商品，半年诈骗 53 万余元；一审白云法院判处主犯聂某十年有期徒刑，其余从犯获刑并罚金、退赔赃款；被告人上诉后广州中院二审维持原判。法官详解网恋杀猪盘诈骗特征，发布三点交友防骗提醒。,电信网络诈骗刑事纠纷,司法处置：法院依据刑法诈骗罪条款定罪量刑，责令被告人退赔被害人损失；2. 事前防范：网友谨慎核验对方身份，拒绝任何金钱消费要求，被骗后留存聊天、转账证据并报警。,广州市白云区人民法院、广州市中级人民法院,
GZ_news_082,广州,金羊网,https://link.wtturl.cn/?target=https%3A%2F%2Fnews.ycwb.com%2Fikimvkntin%2Fcontent_54139668.htm&scene=im&aid=497858&lang=zh,2026-04-20,2026 年 4 月 19 日凌晨，东莞南城一名众包外卖骑手耿某因闯红灯、玩手机、骑行改装套牌车等多项违法，骑行途中发生碰撞事故身亡并承担事故主责。交警溯源排查发现涉事外卖站点安全管理缺位，疏于骑手安全教育、放任改装车上路。5 月 24 日，网点负责人邓某因涉嫌重大责任事故罪被刑拘，系东莞首起因骑手亡人事故追责站点管理人员案件,道路交通事故 + 安全生产管理责任纠纷,刑事追责：对失职站点负责人以重大责任事故罪刑拘，案件继续侦办；2. 长效整治：交警常态化夜间、高峰时段查处非机动车违法，约谈外卖站点，督促企业完善骑手安全教育、严查非法改装配送车辆，压实平台安全生产主体责任,东莞交警大队、涉事外卖平台东莞网点,,
GZ_news_083,广州,广州政法网,https://link.wtturl.cn/?target=https%3A%2F%2Fwww.gzszfw.gov.cn%2Ffzgz%2Fcontent%2Fpost_69547.html&scene=im&aid=497858&lang=zh,2026-05-11,试用期就能随意辞退？法官：千万不能理解错了,黄某入职企业任高管，试用期公司统一降薪 15%，许诺上市后双倍补发薪资；试用期结束前企业无证据以不符合录用条件辞退黄某。广州中院认定企业违法解约，判令单位赔付违法解除赔偿金、补齐降薪差额。文章结合《劳动合同法》详解试用期劳动关系建立、试用期限、解约规则、薪资社保法律规定，给出企业用工规范建议与劳动者四步维权途径。,劳动用工纠纷,司法处置：法院判决企业支付赔偿金、补足薪资差额；2. 企业规范：书面明确录用考核标准、合同写明薪资、审慎解除用工；3. 劳动者维权：协商→劳动监察投诉→劳动仲裁→法院起诉四步骤依法维权。,广州市中级人民法院,
GZ_news_084,广州,金羊网,https://link.wtturl.cn/?target=https%3A%2F%2Fnews.ycwb.com%2Fikimvkntic%2Fcontent_54145275.htm&scene=im&aid=497858&lang=zh,2026-05-28,广东一群众欲取 500 万元现金给网恋对象，警方提醒：诈骗手段升级了,省公安厅发布反诈案例：肇庆一市民陷入新型网恋诈骗，骗子打造优质人设、诱导小额投资返利获取信任后，以置业为由哄骗受害者支取 500 万现金线下交付。反诈部门接预警后联动银行现场劝阻，经两小时劝说当事人醒悟、放弃取现，保住全部资金。警方提示，当前诈骗升级为 “网恋诱导 + 线下取现” 模式，规避线上风控、追赃难度大。,电信网络诈骗纠纷,预警拦截：公安、银行联动，现场劝说阻止大额取现；2. 警示宣传：公布新型诈骗套路，提醒民众警惕网恋理财、线下现金转账要求。,广东省公安厅、肇庆市公安局反诈中心、涉事合作银行,
GZ_news_085,广州,广州政法网,https://link.wtturl.cn/?target=https%3A%2F%2Fwww.gzszfw.gov.cn%2Ffzgz%2Fcontent%2Fpost_69506.html&scene=im&aid=497858&lang=zh,2026-04-22,行政司法联动！南沙升级知识产权保护机制,4 月 20 日，南沙法院与南沙区市场监管局签署知识产权协作备忘录，落地行政 + 司法协同保护制度。文件围绕疑难案件会商、信息互通、诉调对接、联合普法等划定协作细则，针对商标恶意抢注、著作权权属等疑难案件统一侵权判定标准；依托枫桥经验联动人民调解组织推进纠纷非诉化解。该协议是南沙现有 “1+8” 全链条知产保护机制的延伸完善，助力区域科创与新质生产力发展。,知识产权制度优化类（无具体纠纷，完善行政与司法认定标准不一、纠纷处置衔接不畅问题）,制度共建：两院局签订备忘录，建立案件会商、信息共享、联合惩戒机制，统一侵权认定尺度；2. 多元解纷：依托人民调解，优先引导纠纷非诉讼化解，法院与行政调解双向支撑；3. 长效落地：完善全链条保护体系，优化区域科创法治营商环境。,广州市南沙区人民法院、南沙区市场监督管理局、南沙知识产权纠纷人民调解委员会,
GZ_news_086,广州,金羊网,https://link.wtturl.cn/?target=https%3A%2F%2Fnews.ycwb.com%2Fikimvkntic%2Fcontent_54143670.htm&scene=im&aid=497858&lang=zh,2026-05-28,公共道路变停车场 违停顽疾如何根治？,记者实地走访广州番禺、黄埔、天河、白云四区，多地市政道路、人行道、河涌沿岸被私家车违规占用，沦为露天停车场，还存在长期停放的僵尸车；违停诱因包括小区车位配比不足、车主刻意躲避监控、工地配套车位未完工、部分区域权责划分模糊。虽广州停车配比小幅提升，但占道违停屡禁不止。政协专家提出从完善多部门闭环处置机制、盘活闲置土地增设公共车位两大方向破解乱象。,城市道路交通管理纠纷,末端管控：建立街道、物业、交警多部门闭环处置机制，分级清理僵尸车，依法处罚违停、拖移违规车辆；2. 源头治理：盘活城市边角地、桥下闲置空间，增设平价公共停车位，补齐车位缺口。,广州交警、属地街道、小区物业、交通主管部门、市政协专家,
GZ_news_087,广州,广州政法网,https://link.wtturl.cn/?target=https%3A%2F%2Fwww.gzszfw.gov.cn%2Ffzgz%2Fcontent%2Fpost_69464.html&scene=im&aid=497858&lang=zh,2026-04-09,结案证明书，助力企业 “轻装上阵”,空港公司与生物医药公司因出资纠纷诉至花都法院，经法官调解，被告付清 170 余万元欠款、债务全清。双方不想留存调解书等诉讼文书影响企业征信，但又需要凭证证实债务结清。花都法院依据民诉法及民营经济司法指导意见创新举措，案件不制作调解书、另行出具《结案证明书》，既满足企业消弭涉诉记录的诉求，又提供合法结清凭证。广州法院后续将持续推广该机制，优化营商法治环境。,商事合同欠款纠纷,诉讼调解：法院居中调解促成被告全额清偿 170 余万出资欠款；2. 司法创新：无正式法律文书结案，核发《结案证明书》，兼顾企业征信保护与债权结清凭证需求；3. 长效落地：广州法院持续完善该项司法便民举措，护航民营企业发展。,广州市中级人民法院、广州市花都区人民法院,
GZ_news_088,广州,金羊网,https://link.wtturl.cn/?target=https%3A%2F%2Fnews.ycwb.com%2Fikimvkntil%2Fcontent_54141688.htm&scene=im&aid=497858&lang=zh,2026-05-27,高校 “预约码” 竟被黄牛高价倒卖,省教育厅做客民声热线，落实学生体育锻炼、严控违规补课、确定高三 9 月开学；整治高校预约码倒卖，推进校园分类规范开放。,教育监管问题,压实体育课设置，严查违规补课；完善高校实名预约、分区管控，打击黄牛倒码。,省教育厅、广州市教育局、省内高校,
GZ_news_089,广州,广州政法网,https://link.wtturl.cn/?target=https%3A%2F%2Fwww.gzszfw.gov.cn%2Ffzgz%2Fcontent%2Fpost_69409.html&scene=im&aid=497858&lang=zh,2026-04-07,当旧改遇上 “死结”，看他们如何破解,刘某欠债被申请拍卖房产，刘某报案称债主诈骗致房产查封搁置，恰逢房屋划入旧改阻滞整栋拆迁；法院联动公安、仲裁多方调解，敲定 130 万还款，从拆迁补偿款偿债，顺利解封房屋、保障旧改落地。,民间借贷执行纠纷叠加城中村拆迁矛盾,法院采用以调促和、背对背调解，促成执行和解，依托拆迁补偿款清偿债务。,广州中院、公安、仲裁机构、拆迁实施单位,
GZ_news_090,广州,金羊网,https://link.wtturl.cn/?target=https%3A%2F%2Fnews.ycwb.com%2Fikimvkmtkh%2Fcontent_54155535.htm&scene=im&aid=497858&lang=zh,2026-06-03,女子被家暴十年患重度抑郁，其丈夫暗藏 1400 万元，她却付不起 7000 元医药费；女儿哀求其不要离婚：想要一个完整的家；这个案子判了,王作红遭丈夫十年家暴致重病，曾因女儿下跪挽留隐忍，丈夫婚内出轨、隐匿转移 1400 余万共同财产，有钱挥霍却拒付生活费与医疗费；受害者求助妇联，法院以故意伤害罪判处丈夫拘役并赔偿，离婚财产纠纷仍在审理。,婚姻家暴纠纷 + 婚内财产隐匿纠纷,妇联联动公检法，协助申请人身保护令、公诉追责；女方依法起诉离婚，追索被隐匿夫妻财产。,重庆永川妇联、公安、检察院、人民法院,
GZ_news_091,广州,广州政法网,https://link.wtturl.cn/?target=https%3A%2F%2Fwww.gzszfw.gov.cn%2Ffzgz%2Fcontent%2Fpost_69330.html&scene=im&aid=497858&lang=zh,2026-03-30,体育竞技致人受伤，是否须赔偿？,业余球赛柯某常规犯规致黄某锁骨骨折、花销 1.1 万余元，黄某索赔；法院适用自甘风险原则，认定仅普通犯规无故意或重大过失，一二审均驳回原告诉求。,体育赛事人身损害赔偿纠纷,依据民法典自甘风险条款裁判，普通竞技犯规无需担责；提醒主办方完善安保医疗、选手规范动作。,广州白云法院、广州中院,
GZ_news_092,广州,广州政法网,https://link.wtturl.cn/?target=https%3A%2F%2Fwww.gzszfw.gov.cn%2Ffzgz%2Fcontent%2Fpost_69321.html&scene=im&aid=497858&lang=zh,2026-03-27,假急救药流入市场，怎样追责？,朱某某等人依托医药行业背景，全链条产销假冒安宫牛黄丸，假药缺失有效急救成分；一审三人被判 4 至 11 年有期徒刑，另赔付公益赔偿金 2100 余万元，二审维持原判。,生产、销售假药刑事犯罪纠纷,司法全链条追责，判处刑罚 + 巨额公益赔偿；提示群众正规购药、发现假药及时举报。,广州海珠区法院、广州市中级人民法院,
GZ_news_093,广州,广州政法网,https://www.gzszfw.gov.cn/fzgz/content/post_69309.html,2026-03-26,通过 “低价代打车” 实施诈骗，这些人被判刑！,四名嫌疑人借低价代打车引流，冒用账号下单，收取乘客车费后截留钱款、拖欠平台结算；涉案金额九千至两万余元，退赔获谅解后，均以诈骗罪获缓刑并罚金。,网络诈骗刑事纠纷,依法定罪量刑；嫌疑人退赔取得谅解适用缓刑；提醒民众警惕非正规低价代打车。,广州市南沙区人民法院,
GZ_news_094,广州,广州政法网,https://link.wtturl.cn/?target=https%3A%2F%2Fnews.ycwb.com%2Fikimvkmtkh%2Fcontent_54155535.htm&scene=im&aid=497858&lang=zh,2026-03-25,检察监督 + 执行和解：检法联动化解百万合同纠纷,买卖双方货款纠纷拖延五年，败诉方申请检察监督，原判无误但执行受阻；白云检法联动背对背调解，债权人让步，债务人一次性付清 102 万欠款本息，案件圆满化解。,买卖合同欠款执行纠纷,依托检法协作机制，联合释法调解促成执行和解；建立常态化联动机制长效化解执行难题。,广州市白云区人民检察院、广州市白云区人民法院,
GZ_news_095,广州,金羊网,https://news.ycwb.com/ikimvkmtkh/content_54155820.htm,2026-06-03,一个 “穿越” 的面包，毁了消费者的信任,消费者 6 月 2 日网购面包，产品标注生产日期为次日，商家借口标签故障退款并想要收回商品，消费者怀疑商家篡改日期延长售卖期，已通过 12345 投诉维权。,食品安全消费纠纷,消费者拒绝私了并投诉监管部门；依据食安法，商家虚标生产日期最低可罚五万元。,市场监管部门、涉事烘焙门店、外卖平台、消费者,
GZ_news_096,广州,金羊网,https://link.wtturl.cn/?target=https%3A%2F%2Fnews.ycwb.com%2Fikimvkntjn%2Fcontent_54120876.htm&scene=im&aid=497858&lang=zh,2026-05-15,“先出来！危险！” 广州多区遭遇强降水，民警劝阻市民涉水通行,广州多区暴雨红色预警，越秀华乐路低洼路段积水封路，民警涉水排查隐患、劝阻市民冒险涉水；多支应急队伍到场处置，半小时后道路恢复通车，并处理周边地库积水。,暴雨积水引发道路通行安全隐患,民警现场警戒劝离群众，多部门联合排水抢险，快速疏通积水恢复通行。,公安民警、应急处置相关单位,
GZ_news_097,广州,金羊网,https://link.wtturl.cn/?target=https%3A%2F%2Fnews.ycwb.com%2Fikimvkmtki%2Fcontent_54153995.htm&scene=im&aid=497858&lang=zh,2026-06-02,广州一城中村清晨起火，火苗已经蹿到了两层楼高，很多街坊还在睡梦中，危机时刻他敲锣叫醒街坊撤离！消防专程登门送感谢信,5 月 30 日白云城中村十余台电动车凌晨起火，联防队员邱云辉等人一边扑救火情，一边敲锣叫醒熟睡居民避险，处置得当无人员伤亡；6 月 2 日消防部门上门送上感谢信，白云区将完善社区应急值守站点建设。,城中村电动车自燃消防安全突发事件,社区联防先期灭火、鸣锣疏散群众；消防到场收尾处置；完善基层微型消防站与应急联动机制。,白云区消防救援局、磨刀坑社区治安联防队、社区居委会,
GZ_news_098,广州,金羊网,https://link.wtturl.cn/?target=https%3A%2F%2Fnews.ycwb.com%2Fikimvkmtki%2Fcontent_54154252.htm&scene=im&aid=497858&lang=zh,2026-06-02,广州福顺堂养生馆被曝坑骗老年人，诱导 58 岁大姨花 17 万元做养生，其中超 10 万元来自 “花呗” 和网贷！记者实探：招牌已拆，店员却称仍在营业,养生馆以免费洗脚引流，谎称老人有中风隐患，诱导郭姨消费 17 万，透支网贷十余万；老人打工按月还贷，家属投诉，市监局立案，门店摘牌但照常营业。,养老消费欺诈纠纷,家属投诉，市场监管部门立案调查；核查商家违规行为，整治老年养生消费乱象,荔湾区市场监管局、涉事养生馆、消费者郭姨,
GZ_news_099,广州,广州政法网,https://link.wtturl.cn/?target=https%3A%2F%2Fwww.gzszfw.gov.cn%2Ffzgz%2Fcontent%2Fpost_69213.html&scene=im&aid=497858&lang=zh,2026-03-13,非法贩卖 “笑气”，两人被判刑！,陈某、应某无证跨省售卖危险化学品笑气 80 瓶，涉案 5 万余元，被警方抓获；法院以非法经营罪均判处 7 个月有期徒刑并分处罚金,非法经营刑事犯罪纠纷,司法依法定罪量刑；普法警示群众远离笑气、举报违法交易。,广州市白云区人民法院、公安机关,
GZ_news_100,广州,广州政法网,https://link.wtturl.cn/?target=https%3A%2F%2Fwww.gzszfw.gov.cn%2Ffzgz%2Fcontent%2Fpost_69182.html&scene=im&aid=497858&lang=zh,2026-03-09,网红养生饮 “长毛”？专家陪审厘清百万赔偿责任,贸易公司定制 240 万元网红饮品，产品发霉、漏标日期、成分不实；产销双方追责扯皮，法院引入食品、营养领域专家陪审员专业研判，判令生产方赔付 160 余万元。,食品加工承揽合同质量赔偿纠纷,启用专家陪审机制厘清产品质量责任，依法判决赔付；依托专家智库高效审理新兴食品类案件。,广州市花都区人民法院、食品及营养学专家陪审员、涉事贸易与饮品企业,
