workorder_id,city_name
GZ_001,广州
GZ_002,广州
GZ_003,广州
GZ_004,广州
GZ_005,广州
GZ_006,广州
GZ_007,广州
GZ_008,广州
GZ_009,广州
GZ_010,广州
GZ_011,广州
GZ_012,广州
GZ_013,广州
GZ_014,广州
GZ_015,广州
GZ_016,广州
GZ_017,广州
GZ_018,广州
GZ_019,广州
GZ_020,广州
GZ_021,广州
GZ_022,广州
GZ_023,广州
GZ_024,广州
GZ_025,广州
GZ_026,广州
GZ_027,广州
GZ_028,广州
GZ_029,广州
GZ_030,广州
GZ_031,广州
GZ_032,广州
GZ_033,广州
GZ_034,广州
GZ_035,广州
GZ_036,广州
GZ_037,广州
GZ_038,广州
GZ_039,广州
GZ_040,广州
GZ_041,广州
GZ_042,广州
GZ_043,广州
GZ_044,广州
GZ_045,广州
GZ_046,广州
GZ_047,广州
GZ_048,广州
GZ_049,广州
GZ_050,广州
GZ_051,广州
GZ_052,广州
GZ_053,广州
GZ_054,广州
GZ_055,广州
GZ_056,广州
GZ_057,广州
GZ_058,广州
GZ_059,广州
GZ_060,广州
GZ_061,广州
GZ_062,广州
GZ_063,广州
GZ_064,广州
GZ_065,广州
GZ_066,广州
GZ_067,广州
GZ_068,广州
GZ_069,广州
GZ_070,广州
GZ_071,广州
GZ_072,广州
GZ_073,广州
GZ_074,广州
GZ_075,广州
GZ_076,广州
GZ_077,广州
GZ_078,广州
GZ_079,广州
GZ_080,广州
GZ_081,广州
GZ_082,广州
GZ_083,广州
GZ_084,广州
GZ_085,广州
GZ_086,广州
GZ_087,广州
GZ_088,广州
GZ_089,广州
GZ_090,广州
GZ_091,广州
GZ_092,广州
GZ_093,广州
GZ_094,广州
GZ_095,广州
GZ_096,广州
GZ_097,广州
GZ_098,广州
GZ_099,广州
GZ_100,广州
