news_id,media_name
GZ_news_001,澎湃新闻
GZ_news_002,羊城晚报
GZ_news_003,金羊网
GZ_news_004,羊城晚报
GZ_news_005,金羊网
GZ_news_006,金羊网
GZ_news_007,金羊网
GZ_news_008,金羊网
GZ_news_009,金羊网
GZ_news_010,羊城晚报
GZ_news_011,广州政法
GZ_news_012,广州政法
GZ_news_013,广州政法
GZ_news_014,广州政法
GZ_news_015,广州政法
GZ_news_016,广州政法
GZ_news_017,广州政法
GZ_news_018,广州政法
GZ_news_019,广州政法
GZ_news_020,广州政法
GZ_news_021,广州政法
GZ_news_022,广州政法
GZ_news_023,广州政法
GZ_news_024,广州政法
GZ_news_025,广州政法
GZ_news_026,广州政法
GZ_news_027,广州政法
GZ_news_028,广州政法
GZ_news_029,广州政法
GZ_news_030,广州政法
GZ_news_031,广州政法
GZ_news_032,广州政法
GZ_news_033,广州政法
GZ_news_034,广州政法
GZ_news_035,广州政法
GZ_news_036,广州政法
GZ_news_037,广州政法
GZ_news_038,广州政法
GZ_news_039,广州政法
GZ_news_040,广州政法
GZ_news_041,广州政法
GZ_news_042,广州政法
GZ_news_043,广州政法
GZ_news_044,广州政法
GZ_news_045,广州政法
GZ_news_046,南沙政法
GZ_news_047,白云政法
GZ_news_048,白云政法
GZ_news_049,白云政法
GZ_news_050,白云政法
GZ_news_051,白云政法
GZ_news_052,白云政法
GZ_news_053,广州政法
GZ_news_054,南沙政法
GZ_news_055,白云政法
GZ_news_056,广州政法
GZ_news_057,白云政法
GZ_news_058,白云政法
GZ_news_059,平安黄埔
GZ_news_060,金羊网
GZ_news_061,金羊网
GZ_news_062,金羊网
GZ_news_063,金羊网
GZ_news_064,金羊网
GZ_news_065,金羊网
GZ_news_066,羊城晚报
GZ_news_067,羊城晚报
GZ_news_068,金羊网
GZ_news_069,金羊网
GZ_news_070,金羊网
GZ_news_071,广州政法
GZ_news_072,广州政法
GZ_news_073,白云政法
GZ_news_074,平安广州
GZ_news_075,白云政法
GZ_news_076,金羊网
GZ_news_077,广州政法
GZ_news_078,金羊网
GZ_news_079,广州政法网
GZ_news_080,金羊网
GZ_news_081,广州政法网
GZ_news_082,金羊网
GZ_news_083,广州政法网
GZ_news_084,金羊网
GZ_news_085,广州政法网
GZ_news_086,金羊网
GZ_news_087,广州政法网
GZ_news_088,金羊网
GZ_news_089,广州政法网
GZ_news_090,金羊网
GZ_news_091,广州政法网
GZ_news_092,广州政法网
GZ_news_093,广州政法网
GZ_news_094,广州政法网
GZ_news_095,金羊网
GZ_news_096,金羊网
GZ_news_097,金羊网
GZ_news_098,金羊网
GZ_news_099,广州政法网
GZ_news_100,广州政法网
