news_id,city_name
GZ_news_001,广州
GZ_news_002,广州
GZ_news_003,广州
GZ_news_004,广州
GZ_news_005,广州
GZ_news_006,广州
GZ_news_007,广州
GZ_news_008,广州
GZ_news_009,广州
GZ_news_010,广州
GZ_news_011,广州
GZ_news_012,广州
GZ_news_013,广州
GZ_news_014,广州
GZ_news_015,广州
GZ_news_016,广州
GZ_news_017,广州
GZ_news_018,广州
GZ_news_019,广州
GZ_news_020,广州
GZ_news_021,广州
GZ_news_022,广州
GZ_news_023,广州
GZ_news_024,广州
GZ_news_025,广州
GZ_news_026,广州
GZ_news_027,广州
GZ_news_028,广州
GZ_news_029,广州
GZ_news_030,广州
GZ_news_031,广州
GZ_news_032,广州
GZ_news_033,广州
GZ_news_034,广州
GZ_news_035,广州
GZ_news_036,广州
GZ_news_037,广州
GZ_news_038,广州
GZ_news_039,广州
GZ_news_040,广州
GZ_news_041,广州
GZ_news_042,广州
GZ_news_043,广州
GZ_news_044,广州
GZ_news_045,广州
GZ_news_046,广州
GZ_news_047,广州
GZ_news_048,广州
GZ_news_049,广州
GZ_news_050,广州
GZ_news_051,广州
GZ_news_052,广州
GZ_news_053,广州
GZ_news_054,广州
GZ_news_055,广州
GZ_news_056,广州
GZ_news_057,广州
GZ_news_058,广州
GZ_news_059,广州
GZ_news_060,广州
GZ_news_061,广州
GZ_news_062,广州
GZ_news_063,广州
GZ_news_064,广州
GZ_news_065,广州
GZ_news_066,广州
GZ_news_067,广州
GZ_news_068,广州
GZ_news_069,广州
GZ_news_070,广州
GZ_news_071,广州
GZ_news_072,广州
GZ_news_073,广州
GZ_news_074,广州
GZ_news_075,广州
GZ_news_076,广州
GZ_news_077,广州
GZ_news_078,广州
GZ_news_079,广州
GZ_news_080,广州
GZ_news_081,广州
GZ_news_082,广州
GZ_news_083,广州
GZ_news_084,广州
GZ_news_085,广州
GZ_news_086,广州
GZ_news_087,广州
GZ_news_088,广州
GZ_news_089,广州
GZ_news_090,广州
GZ_news_091,广州
GZ_news_092,广州
GZ_news_093,广州
GZ_news_094,广州
GZ_news_095,广州
GZ_news_096,广州
GZ_news_097,广州
GZ_news_098,广州
GZ_news_099,广州
GZ_news_100,广州
